id,ident,type,name,latitude_deg,longitude_deg,elevation_ft,continent,iso_country,iso_region,municipality,scheduled_service,icao_code,iata_code,gps_code,local_code,home_link,wikipedia_link,keywords
330380,DHG,small_airport,Dalnegorsk Airport,44.558748,135.490005,833,EU,RU,RU-PRI,Dalnegorsk,no,,DHG,,,,,
330383,DLR,small_airport,Dalnerechensk Airport,45.879857,133.737629,272,AS,RU,RU-PRI,Dalnerechensk,yes,,DLR,UHHD,,,,"УХХД, Дальнереченск"
315624,DPT,small_airport,Deputatskiy Airport,69.392503,139.890012,950,AS,RU,RU-SA,Deputatskiy,yes,,DPT,UEBD,,,https://en.wikipedia.org/wiki/Deputatsky_Airport,"УЕБД, Deputatsky Airport, Аэропорт Депутатский, Deputy Airport"
609676,HH0A,heliport,Frunzenskaya 2 Helistop,55.726949,37.58947,483,EU,RU,RU-MOW,Moscow,no,,,HH0A,HH0A,,,"HH0A, Москва"
609678,HH34,heliport,Teikovo-16 HLS,56.92709,40.74333,459,EU,RU,RU-IVA,Shilykovo,no,,,HH34,HH34,,,"ХХ34, Тейково-16, Шилыково"
34933,RU-0001,medium_airport,Levashovo Air Base,60.0867,30.1933,60,EU,RU,RU-SPE,St. Petersburg,no,,,,,,https://en.wikipedia.org/wiki/Levashovo_%28air_base%29,"Levashevo, Leningrad, Petrograd"
34935,RU-0002,closed,Afrikanda Air Base,67.456703,32.786701,505,EU,RU,RU-MUR,Afrikanda,no,,,,,,https://en.wikipedia.org/wiki/Afrikanda_air_base,"ЬЛМФ, Аэродром Африканда, XLMF"
34936,RU-0003,small_airport,Protasovo Regional Airport,54.493301,39.931702,469,EU,RU,RU-RYA,Listvyanka,no,,,,UUWP,https://www.aeroprotasovo.ru/,https://en.wikipedia.org/wiki/Protasovo_(air_base),"УУВП, Aleksandrovo Air Base, Protasovo Air Base, Ryazan Alexandrovo, Аэродром Александрово, Аэродром Протасово"
34937,RU-0004,closed,Aleysk Air Base,52.48419,82.696788,676,AS,RU,RU-ALT,Aleysk,no,,,,,,https://en.wikipedia.org/wiki/Aleysk_%28air_base%29,"УНБЙ, Aleisk Air Base, Аэродром Алейск"
34938,RU-0005,closed,Andreapol Air Base,56.643299,32.313301,751,EU,RU,RU-TVE,Andreapol,no,,,,,,https://en.wikipedia.org/wiki/Andreapol_%28air_base%29,"ЬУЕА, Андреаполь, XUEA"
34939,RU-0006,small_airport,Arabatuk Air Base,50.223801,117.098999,2280,AS,RU,RU-ZAB,Dauriya,no,,,ZA2N,,,https://en.wikipedia.org/wiki/Arabatuk,"ЗА2Н, Даурия, Krasnyy Velikan North, Аэродром Арабатук, Аэродром Красный Великан Северный, ZA2N"
34940,RU-0007,closed,Ashchebutak Air Base,51.035,59.168301,741,AS,RU,RU-ORE,Novoorsk,no,,,,,,https://en.wikipedia.org/wiki/Ashchebutak,"ЬВОА, Ащибутак, XWOA"
34942,RU-0008,medium_airport,Bada Air Base,51.406917,109.900091,2500,AS,RU,RU-ZAB,Bada,no,,,XIAB,XIAB,,https://en.wikipedia.org/wiki/Bada_%28air_base%29,"ЬИАБ, Бада"
34944,RU-0009,closed,Bakhmutovo Air Base,56.371700286865234,34.08829879760742,699,EU,RU,RU-TVE,Rzhev,no,,,,,,https://en.wikipedia.org/wiki/Bakhmutovo,
34945,RU-0010,medium_airport,Balashov Air Base,51.531687,43.301718,568,EU,RU,RU-SAR,Balashov,no,,,,XWSW,,https://en.wikipedia.org/wiki/Balashov_%28air_base%29,"ЬВСВ, Балашов"
34947,RU-0011,closed,Kosa (Baltiysk Air Base) (ex. Neutief) (XMKB),54.60968,19.86842,10,EU,RU,RU-KGD,Baltiysk (ex. Pillau),no,,,,,,https://en.wikipedia.org/wiki/Baltiysk_%28air_base%29,"XMKB, ЬМКБ, Балтийск"
34949,RU-0012,closed,Khariusny Air Base (closed),67.379729,34.215661,427,EU,RU,RU-MUR,Umbozero,no,,,,,,https://en.wikipedia.org/wiki/Berezovka_(air_base),"Khariusnaya Airfield, Berezovka Airfield, Umbozero South, Аэродром Хариусный, Аэродром Хариусная, XLMH, ЬЛМХ"
34950,RU-0013,closed,Bezrechnaya-2 Air Base,50.75,116.217003,2201,AS,RU,RU-ZAB,Mirnaya,no,,,,,,https://en.wikipedia.org/wiki/Bezrechnaya-2,"Bezrechnaya, Bezrechnoy, Khodabulak, Khada Bulak North, Mirnaya"
34953,RU-0014,medium_airport,Borisoglebsk Air Base,51.366699,42.178299,390,EU,RU,RU-VOR,Borisoglebsk,no,,,,XUOB,,https://en.wikipedia.org/wiki/Borisoglebsk_%28air_base%29,Аэродром Борисоглебск
34955,RU-0015,medium_airport,Khotilovo Air Base,57.654999,34.099998,591,EU,RU,RU-TVE,Bologoye,no,,,,XUEH,,https://en.wikipedia.org/wiki/Borisovsky_Khotilovo,"Khatilovo Air Base, Borisovskiy Air Base, Borisovsky Air Base, Аэродром Хотилово, Аэродром Борисовский"
41136,RU-0016,medium_airport,Lipetsk Air Base,52.634998,39.445,636,EU,RU,RU-LIP,Lipetsk,no,,,,XUWL,,https://en.wikipedia.org/wiki/Lipetsk_Air_Base,"ЬУВЛ, Липецк-2"
42981,RU-0017,closed,Pugachev Airport,51.977055,48.720417,,AS,RU,RU-SAR,Pugachev,no,,,,,,https://en.wikipedia.org/wiki/Pugachev_Airport,
34960,RU-0018,medium_airport,Buturlinovka Air Base,50.79221,40.606155,505,EU,RU,RU-VOR,Buturlinovka,no,,,,XUOI,,https://en.wikipedia.org/wiki/Buturlinovka_(air_base),"ЬУОИ, Бутурлиновка"
34961,RU-0019,small_airport,Chebenki Air Base,51.974899,55.549,400,AS,RU,RU-ORE,Orenburg,no,,,UWOI,,,https://en.wikipedia.org/wiki/Chebenki,"Cheben'ki Air Base, Orenburg Northeast Air Base, Dmitrievka Air Base, Аэродром Чебеньки, Аэродром Дмитриевка"
34962,RU-0020,closed,Chekurovka Air Base,71.06500244140625,127.33799743652344,814,AS,RU,RU-SA,Tiksi,no,,,,,,https://en.wikipedia.org/wiki/Chekurovka,
41836,RU-0021,small_airport,Korsakov Pushistyy Aerodrome,46.618315,142.812759,210,AS,RU,RU-SAK,Korsakov,no,,,UHSJ,,,,"УХСЙ, Пушистый"
34965,RU-0022,small_airport,Chornoye Air Base,55.75,38.06669998168945,449,EU,RU,RU-MOS,Moscow,no,,,,,http://www.marzrosto.ru/,https://en.wikipedia.org/wiki/Chernoi,"Chyornoye Air Base, Chyornoe Air Base, Chornoe Air Base, Аэродром Чёрное, Аэродром Черное"
34967,RU-0023,medium_airport,Chindant Air Base,50.396823,116.346114,2201,AS,RU,RU-ZAB,Borzya,no,,,,XIAG,,https://en.wikipedia.org/wiki/Chindant,"Borzya, Borzia, Borzyu, Borzya Northwest, ЬИАГ, Чиндант"
44674,RU-0024,heliport,Krasnaya Polyana Heliport,43.6765319836,40.206634998300004,,EU,RU,RU-KDA,Krasnaya Polyana,no,,,,,,,Вертодром Красная Поляна
41839,RU-0026,closed,Korsakov (Novaya) Air Base,46.709801,142.869995,347,AS,RU,RU-SAK,Novaya,no,,,,,,,Otomari Airfield
41840,RU-0027,small_airport,Rybnovsk Airport,53.246007,141.806327,10,AS,RU,RU-SAK,Rybnovsk,no,,,,ZB37,,,
42328,RU-0028,medium_airport,Kaliningrad Chkalovsk Naval Air Base,54.766556,20.396819,164,EU,RU,RU-KGD,Kaliningrad,no,,,,XMWB,,https://en.wikipedia.org/wiki/Kaliningrad_Chkalovsk,"ЬМВБ, Чкаловск, Chkalovskoye, Tchalov, Proveren"
42329,RU-0029,small_airport,Kansk West Airport,56.205543,95.636244,654,AS,RU,RU-KYA,Kansk,no,,,UNKN,UNKN,,,"УНКН, Канск"
42331,RU-0030,heliport,Tyukhtet Heliport,56.562099,89.329002,682,AS,RU,RU-KYA,Tyukhtet,no,,,,UNQH,,,"УНЯХ, Тюхтет, Tyukhtet North"
42909,RU-0031,closed,Khodynka Airport,55.788601,37.5299,502,EU,RU,RU-MOW,Moscow,no,,,,,https://www.rbth.com/history/332114-moscow-first-airport-khodynka,https://en.wikipedia.org/wiki/Khodynka_Airport,"Tsentralny Airport, Аэропорт Центральный"
42914,RU-0032,closed,Shimanovsk Airport,51.985001,127.643331,869,AS,RU,RU-AMU,Shimanovsk,no,,,,,,https://en.wikipedia.org/wiki/Shimanovsk_Airport,"УХБК, Шимановск, UHBK"
42917,RU-0033,small_airport,Plestsy Air Base,62.71947,40.498156,427,EU,RU,RU-ARK,Plesetsk,no,,,,XLAP,,https://en.wikipedia.org/wiki/Plestsy_Airport,"Аэропорт Плесцы, ЬЛАП"
42919,RU-0034,small_airport,Verkhnyaya Toyma Airport,62.239632,45.019784,98,EU,RU,RU-ARK,Verkhnyaya Toyma,no,,,,,,https://en.wikipedia.org/wiki/Verkhnyaya_Toyma,
42927,RU-0036,medium_airport,Irkutsk Northwest Airport,52.367642,104.183335,1470,AS,RU,RU-IRK,Irkutsk,no,,,UIIR,,,https://en.wikipedia.org/wiki/Irkutsk_Northwest_Airport,"УИИР, Иркутск, Irkutsk-2 Airport, Irkutsk Severozapadny, Аэропорт Иркутск-2, Аэропорт Иркутск Северозападный"
42932,RU-0037,small_airport,Kaliningrad Devau Airport,54.725128173828125,20.573894500732422,69,EU,RU,RU-KGD,Kaliningrad,no,,,,,,https://en.wikipedia.org/wiki/Kaliningrad_Devau_Airport,Königsberg Devau Airport
42939,RU-0038,closed,Palana (East) Airport,59.05833435058594,159.96665954589844,154,AS,RU,RU-KAM,Palana,no,,,,,,https://en.wikipedia.org/wiki/Palana_New_Airport,
44681,RU-0039,closed,Kachalovka Airfield,67.987,39.834999,607,EU,RU,RU-MUR,Kachalovka,no,,,,,,,"Аэродром Качаловка, ZA44, ЗА44, Гремиха"
42948,RU-0040,small_airport,Syktyvkar Southwest,61.586666,50.52,489,EU,RU,RU-KO,Syktyvkar,no,,,,,,https://en.wikipedia.org/wiki/Syktyvkar_Southwest,
42969,RU-0041,closed,Taly Ruchey Air Base,66.889999,33.883301,194,EU,RU,RU-MUR,Umba,no,,,,,,https://ru.wikipedia.org/wiki/%D0%A2%D0%B0%D0%BB%D1%8B%D0%B9_%D0%A0%D1%83%D1%87%D0%B5%D0%B9_(%D0%B0%D1%8D%D1%80%D0%BE%D0%B4%D1%8,"Umba Northwest, Umba Severozapadnaya, Аэропорт Умба Северозападная, УЛМХ, Талый Ручей, ULMH"
35059,RU-0042,small_airport,Istomino Airfield,56.521719,43.480724,253,EU,RU,RU-NIZ,Balakhna,no,,,,XUDP,,https://en.wikipedia.org/wiki/Pravdinsk_(air_base),"Аэродром Правдинск, Аэродром Истомино, ЬУДП, Pravdinsk"
42971,RU-0043,medium_airport,Mius Airport,54.958332,43.311668,525,EU,RU,RU-NIZ,Sarov,no,,,,XUDM,,https://en.wikipedia.org/wiki/Sarovo_Airport,"Sarov Airport, Аэропорт Миус, Аэропорт Саров, ЬУДМ"
42977,RU-0044,small_airport,Krasnovishersk Airport,60.4106330871582,57.13611602783203,551,EU,RU,RU-PER,Krasnovishersk,no,,,,,,https://en.wikipedia.org/wiki/Krasnovishersk_Airport,
42982,RU-0045,closed,Saratov South Airport,51.477802,45.942593,266,AS,RU,RU-SAR,Saratov,no,,,,,,https://en.wikipedia.org/wiki/Saratov_South,
42983,RU-0046,heliport,Tatischevo Air Base,51.6843986511,45.5481147766,787,EU,RU,RU-SAR,Tatischevo,no,,,,,,https://en.wikipedia.org/wiki/Tatischevo_(airbase),Tatishchevo Air Base
42987,RU-0047,closed,Kazan Old Airport,55.7874984741,49.195278167699996,394,EU,RU,RU-TA,Kazan,no,,,,,,https://en.wikipedia.org/wiki/Kazan-2_Airport,"İske Aeroport, Старый Аэропорт, УВКК, Казань-2, UWKK"
42988,RU-0048,small_airport,Menzelinsk Airport,55.720001,53.060001,299,AS,RU,RU-TA,Menzelinsk,no,,,UWKP,,http://skyjump.ru/,https://en.wikipedia.org/wiki/Menzelinsk_Airport,"Аэропорт Мензелинск, УВКП"
42989,RU-0049,closed,Yelabuga North Airport,55.79280090332031,52.132999420166016,518,EU,RU,RU-TA,Yelabuga,no,,,,,,https://en.wikipedia.org/wiki/Yelabuga_North,
42991,RU-0050,medium_airport,Yamburg Airport,67.987288,75.09804,108,AS,RU,RU-YAN,Yamburg,no,,,USMQ,,,,"УСМЯ, Ямбург"
42993,RU-0051,closed,Nikolsk Airport,59.496666,45.518333,551,EU,RU,RU-VLG,Nikolsk,no,,,,,,https://en.wikipedia.org/wiki/Nikolsk_Airport,Nikolsk South Airport
42996,RU-0052,closed,Baley Airport,51.561066,116.702873,2136,AS,RU,RU-ZAB,Baley,no,,,,,,https://en.wikipedia.org/wiki/Baley_Airport,Balei Airport
42999,RU-0053,closed,Iultin Airport,67.9114990234375,-178.6719970703125,98,EU,RU,RU-CHU,Iul'tin,no,,,,,,https://en.wikipedia.org/wiki/Iultin,Аэропорт Иультин
43000,RU-0054,small_airport,Kyren Airport,51.678089,102.156548,2290,EU,RU,RU-BU,Kyren,no,,,UIIN,,,https://en.wikipedia.org/wiki/Kyren_Airport,
43001,RU-0055,closed,Bereznik,62.823334,42.796665,105,EU,RU,RU-ARK,Bereznik,no,,,,,,https://en.wikipedia.org/wiki/Semenovskoye_Shidrovo,"Semenovskoye Shidrovo Airport, Аэропорт Березник, ULAB"
43003,RU-0056,small_airport,Taksimo Airport,56.361668,114.93,1634,AS,RU,RU-BU,Taksimo,yes,,TKM,UIKG,,,,"УИКГ, Таксимо"
43004,RU-0057,closed,Tarnogskiy Gorodok Airfield,60.5033,43.6017,328,EU,RU,RU-VLG,Tarnogskiy Gorodok,no,,,,,,https://en.wikipedia.org/wiki/Tarnogskiy_Gorodok_Airfield,"Tarnogsky Gorodok Airport, Tarnoga Airport, Аэропорт Тарногский Городок, Аэропорт Тарнога, УЛВГ, ULWG"
43005,RU-0058,small_airport,Tasayevo Airport,57.174999,94.889999,299,AS,RU,RU-KYA,Tasayevo,no,,,,,,https://en.wikipedia.org/wiki/Tasayevo_Airport,
43007,RU-0059,closed,Alakurtti Naval Air Base,66.973335,30.344999,538,EU,RU,RU-MUR,Alakurtti,no,,,,,,https://en.wikipedia.org/wiki/Alakurtti_Air_Base,XLMA
43008,RU-0060,medium_airport,Chernyakhovsk Naval Air Base,54.601676,21.782375,131,EU,RU,RU-KGD,Chernyakhovsk,no,,,,XMWH,,https://en.wikipedia.org/wiki/Chernyakhovsk_(air_base),"ЬМВХ, Черняхо́вск"
43009,RU-0061,heliport,Donskoye Air Base,54.934473,19.982303,135,EU,RU,RU-KGD,Donskoye,no,,,,XMWD,,https://en.wikipedia.org/wiki/Donskoye_(air_base),"ЬМВД, Донское, Bryusterort, Donskoe, Gross Dirschkeim"
44683,RU-0062,small_airport,Kalinovskaya Airfield,43.599614,45.532849,243,EU,RU,RU-CE,Kalinovskaya,no,,,,XRMK,,,"ЬРМК, Аэродром Калиновская"
43012,RU-0063,closed,Lakhta Naval Air Base,64.383331,40.716667,102,EU,RU,RU-ARK,Arkhangelsk,no,,,,,,https://en.wikipedia.org/wiki/Lakhta_air_base,"Kholm, Katunino, Novodvinsk, Lahta, Pervomaysk, XLAL"
43014,RU-0064,medium_airport,Ostrov Naval Air Base,57.299999,28.4333,220,EU,RU,RU-PSK,Ostrov,no,,,,XLOS,,https://en.wikipedia.org/wiki/Ostrov_(air_base),"Gorokhovka, Kildin"
43015,RU-0065,medium_airport,Pribylovo Naval Air Base,60.458332,28.746668,131,EU,RU,RU-LEN,Pribilovo,no,,,,XLLY,,https://en.wikipedia.org/wiki/Pribylovo,"Klyuchevoye, Makslahti"
43017,RU-0066,closed,Severomorsk-2 Naval Air Base,69.014999,33.291668,253,EU,RU,RU-MUR,Severomorsk,no,,,,,,https://en.wikipedia.org/wiki/Severomorsk-2,"Safonovo, Murmansk Northeast, XLME"
43019,RU-0067,closed,Veshchevo Naval Air Base,60.673301696777344,29.16670036315918,154,EU,RU,RU-LEN,Veshchevo,no,,,,,,https://en.wikipedia.org/wiki/Veshchevo,"Veshchyovo, Veshchovo, Vyborg East, Vyborg Vostochny, Вещёво, Вещево, Выборг Восточный, Heinjoki"
43331,RU-0068,small_airport,Bychye Field,60.014599,29.702801,10,EU,RU,RU-SPE,Kronshtadt,no,,,,ULLY,http://kronavia.ru/,,"Bychye Pole, Кронштадт, Бычье Поле, Kronshtadt Airfield, УЛЛЫ, Kotlin Island"
43332,RU-0069,small_airport,Kummolovo Airfield,59.65444564819336,28.994722366333008,,EU,RU,RU-LEN,,no,,,,,http://www.kummolovo.ru/,,Куммолово
43335,RU-0070,small_airport,Manushkino Airfield,59.8718986511,30.802799224900003,,EU,RU,RU-LEN,Manushkino,no,,,ULSM,,,,"Аэродром Манушкино, УЛСМ"
43336,RU-0071,small_airport,Kuznetsovo Airfield,55.961765,93.011971,886,AS,RU,RU-KYA,,no,,,UNQK,,,,"УНЯК, Аэродром Кузнецово"
43586,RU-0072,small_airport,Gorskaya Airfield,60.03329849243164,30.014999389648438,125,EU,RU,RU-SPE,,no,,,,,,,Аэродром Горская
43587,RU-0073,small_airport,Gostilitsy Airfield,59.7267,29.6395,,EU,RU,RU-LEN,Gostilitsy,no,,,ULSG,,http://www.ulsg.ru,https://ru.wikipedia.org/wiki/Гостилицы_(аэродром),"Аэродром Гостилицы, Vil'povitsy"
43661,RU-0074,small_airport,Borki Airfield,58.371133,31.043243,,EU,RU,RU-NGR,Novgorod,no,,,,,http://www.ask.nov.ru/,,Аэродром Борки
43657,RU-0075,small_airport,Korpikyulya Airfield,59.60499954223633,30.272300720214844,,EU,RU,RU-LEN,Gatchina,no,,,ULSK,,http://www.aeropiter.ru/ru/aeroclub.htm,,"Korpikulya Airfield, Аэродром Корпикюля"
43658,RU-0076,closed,Lepsari Airfield,60.138401,30.886499,98,EU,RU,RU-LEN,,no,,,,,,,"Аэродром Лепсари, ZA77"
43659,RU-0077,small_airport,Sivoritsy Airfield,59.476156,30.001545,371,EU,RU,RU-LEN,Gatchina,no,ULSY,,,,,,"Nikolskoye Airfield, Аэродром Сиворицы, Аэродром Никольское"
43660,RU-0078,closed,Yermilovo Air Base,60.375,28.874000549316406,,EU,RU,RU-LEN,,no,,,,,,,"Ermilovo Air Base, Аэродром Ермилово"
43662,RU-0079,small_airport,Kuznetsovo Airfield,59.245201110839844,29.945199966430664,,EU,RU,RU-LEN,Rozhdestveno,no,,,ULSO,,,,Аэродром Кузнецово
43665,RU-0080,small_airport,Murmashi Airfield,68.8067,32.8077,245,EU,RU,RU-MUR,Murmansk,no,,,,XLMN,,,"ЬЛМН, Аэродром Мурмаши"
35019,RU-0081,closed,Leonidovo Air Base,49.270554,142.928772,59,AS,RU,RU-SAK,Leonidovo,no,,,,,,https://en.wikipedia.org/wiki/Leonidovo_(air_base),Shisuka Naval Airfield
43670,RU-0082,small_airport,Bolchary Airport,59.821293,68.829631,,EU,RU,RU-KHM,Bolchary,no,,,,,,,Аэропорт Болчары
43674,RU-0083,small_airport,Verkhnyaya Zolotitsa Airfield,65.68571,40.36182,,EU,RU,RU-ARK,,no,,,ULBW,,,,"Verhnyaya Zolotitsa Airport, Аэропорт Верхняя Золотица, УЛБВ"
43677,RU-0084,small_airport,Vozhgora Airport,64.539597,48.484901,296,EU,RU,RU-ARK,Vozhgora,no,,,,ULJW,,,"УЛЙВ, Аэропорт Вожгора"
43681,RU-0085,small_airport,Dolgoshchelye Airfield,66.053492,43.424625,,EU,RU,RU-ARK,Dolgoshchelye,no,,,,ULBD,,,"Аэропорт Долгощелье, УЛБД"
43685,RU-0086,closed,Zavetnoe Airport,47.135167,43.899133,431,EU,RU,RU-ROS,,no,,,,,,,"УРРЫ, Zavetnoye Airport, Аэропорт Заветное, URRY"
43690,RU-0087,small_airport,Indiga Airport,67.645419,49.048749,,EU,RU,RU-NEN,,no,,,,,,,Аэропорт Индига
43977,RU-0088,closed,Urup Airport,46.203894,150.520736,102,AS,RU,RU-SAK,Kastrikum,no,,,,,,,"Shinonome, Shinonomehara, Uruppu, ZA55, 	ЗА55, Кастрикум"
44301,RU-0089,medium_airport,Krymsk Air Base,44.962905,37.999071,66,EU,RU,RU-KDA,Krymsk,no,,NOI,,XRKW,,https://en.wikipedia.org/wiki/Krymsk_(air_base),"Аэродром Крымск, ЬРКВ, Krimskaja II, Novorossiysk"
44302,RU-0090,medium_airport,Krasnodar Central Air Base,45.082429,38.944312,105,EU,RU,RU-KDA,Krasnodar,no,,,,,,,"Krasnodar North Air Base, Аэродром Краснодар-Центральный, Аэродром Краснодар-Северный"
44303,RU-0091,closed,Baronovskiy Airfield,44.92366,40.987973,,EU,RU,RU-KDA,Armavir,no,,,,,,,"Baronovsky Airfield, Аэродром Бароновский, URKB"
44304,RU-0092,closed,Myskhako Airport,44.66999816894531,37.7760009765625,,EU,RU,RU-KDA,Novorossiysk,no,,,,,,,"Myskhako Airport, Novorossiysk Airport, Аэропорт Мысхако, Аэропорт Новороссийск"
44316,RU-0093,small_airport,Sasovo Airfield,54.356106,41.983345,365,EU,RU,RU-RYA,Sasovo,no,,,UUBG,,https://web.archive.org/web/20190516110151/http://sasovoavia.3dn.ru/,,"УУБГ, Аэродром Сасово"
44317,RU-0094,small_airport,Buguruslan Glavny Airfield,53.618193,52.446299,324,EU,RU,RU-ORE,Buguruslan,no,,,UWWZ,,http://blu-ga.narod.ru/,,"УВВЗ, Buguruslan Main Airfield, Аэродром Бугуруслан Главный, Бугуруслан-Северный"
44318,RU-0095,small_airport,Troekurovka Air Base,53.225454,48.549725,360,AS,RU,RU-SAM,Syzran,no,,,,,,,"Troyekurovka Air Base, Аэродром Троекуровка"
44319,RU-0096,closed,Bezenchuk Airfield,52.965,49.377998,,AS,RU,RU-SAM,Bezenchuk,no,,,,,,,Аэродром Безенчук
44322,RU-0097,small_airport,Oktyabrskiy Airfield,44.64500045776367,40.22200012207031,,EU,RU,RU-AD,Maykop,no,,,,,,,"Oktyabrsky Airfield, Аэродром Октябрьский"
44323,RU-0098,closed,Oktyabrskiy Air Base,47.970001,43.720001,,EU,RU,RU-VGG,Oktyabrskiy,no,,,,,,,"Oktyabrsky Air Base, Аэродром Октябрьский, XRWO"
44328,RU-0099,small_airport,Aleksandrovskoye Airport,60.445636,77.837069,,EU,RU,RU-TOM,Aleksandrovskoye,no,,,UNSA,,,,"Aleksandrovskoe Airport, Alexandrovskoye Airport, Alexandrovskoe Airport, Аэропорт Александровское"
44329,RU-0100,heliport,Amazar Air Base,53.791999816895,120.91999816895,1530,AS,RU,RU-ZAB,Amazar,no,,,,XIAL,,,"ЬИАЛ, Аэродром Амазар"
44331,RU-0101,small_airport,Ashuluk Airfield,47.42257,47.92717,-66,AS,RU,RU-AST,,no,,,,,,,"Kordon Airfield, Аэродром Ашулук, Аэродром Кордон"
44333,RU-0102,closed,Atkarsk Airport,51.801998,45.112,,AS,RU,RU-SAR,,no,,,,,,,
44334,RU-0103,small_airport,Azov Airfield,47.0846,39.406169,135,EU,RU,RU-ROS,Azov,no,,,,XRRA,,,"ЬРРА, Аэродром Азов"
44337,RU-0104,small_airport,Barabinsk Airport,55.36000061035156,78.30000305175781,,AS,RU,RU-NVS,Barabinsk,no,,,UNRR,,,,Аэропорт Барабинск
44339,RU-0105,small_airport,Barguzin Airport,53.587003,109.699997,1585,EU,RU,RU-BU,Barguzin,no,,,UIAO,UIAO,,,"УИАО, Аэропорт Баргузин"
44340,RU-0106,small_airport,Basy Airfield,46.214443,46.945971,,AS,RU,RU-AST,Uchkhoz,no,,,XRAS,,,,Аэродром Басы
44341,RU-0107,closed,Bataysk Air Base,47.117000579833984,39.79499816894531,,EU,RU,RU-ROS,Bataysk,no,,,,,,,"Bataisk Air Base, Аэродром Батайск"
44344,RU-0108,small_airport,Berdsk Airfield,54.73500061035156,83.09500122070312,,AS,RU,RU-NVS,Berdsk,no,,,,,,,"Berdsk Tsentralniy Airfield, Аэродром Бердск, Аэродром Бердск Центральный"
44345,RU-0109,small_airport,ObGES Airfield,54.874000549316406,82.98300170898438,,AS,RU,RU-NVS,Novosibirsk,no,,,,,,,"Ob-GES Airfield, Аэродром ОбьГЭС, Аэродром Обь-ГЭС"
44346,RU-0110,small_airport,Mochische Airfield,55.168999,83.142998,718,AS,RU,RU-NVS,Novosibirsk,no,,,UNNM,,http://aeromochische.ru/,,"УННМ, Mochishche Airfield, Аэродром Мочище"
34981,RU-0111,closed,Dresba Air Base,69.363297,161.561996,272,AS,RU,RU-SA,Ambarchik,no,,,,,,https://en.wikipedia.org/wiki/Dresba,"ZA2V, ЗА2Ж, Амбарчик"
44347,RU-0112,small_airport,Yevsino Airfield,54.407001495399996,83.24199676510001,,AS,RU,RU-NVS,Evsino,no,,,,,http://aviaclub.ru/nasha-territorija/aehrodrom-evsino/,,"Evsino Airfield, Linyovo Airfield, Аэродром Евсино, Аэродром Линёво"
44348,RU-0113,small_airport,Kamen-na-Obi Air Base,53.792999,81.150002,510,AS,RU,RU-ALT,Kamen-na-Obi,no,,,XNBK,,,https://en.wikipedia.org/wiki/Kamen-na-Obi_(air_base),Аэродром Камень-на-Оби
44349,RU-0114,small_airport,Panfilovo Airport,53.124276,83.374341,750,AS,RU,RU-ALT,Kalmanka,no,,,,XNBP,,https://en.wikipedia.org/wiki/Panfilovo_(air_base),"ЬНБП, Аэродром Калманка, Novoromanovo, Новороманово"
44350,RU-0115,small_airport,Slavgorod North Air Base,53.051998,78.639999,,AS,RU,RU-ALT,Slavgorod,no,,,XNBS,,,,"Slavgorod Severny Air Base, Slavgorod Severnity Air Base, Аэродром Славгород Северный"
44351,RU-0116,small_airport,Severnoye Airport,56.3349990845,78.3550033569,,AS,RU,RU-NVS,Severnoe,no,,,UNNS,,,,"Severnoe Airport, Аэропорт Северное, УННС"
44352,RU-0117,small_airport,Klyuchi Airfield,52.26499938964844,79.2020034790039,,AS,RU,RU-ALT,Klyuchi,no,,,,,,,Аэродром Ключи
44353,RU-0118,small_airport,Chistoozernoe Air Base,54.659,76.537003,,AS,RU,RU-NVS,Chistoozernoe,no,,,XNOR,,,,"Chistoozyornoe, Chistoozyornoye Airfield, Аэродром Чистоозёрное"
44687,RU-0119,heliport,Srednebeloye Helicopter Base,50.691002,128.009995,,EU,RU,RU-AMU,Srednebeloye,no,,,,XHIB,,,"ЬХИБ, Srednebelaya Helicopter Base, Вертодром Среднебелое, Вертодром Среднебелая"
44359,RU-0120,small_airport,Ishim Airfield,56.08599853515625,69.4530029296875,,AS,RU,RU-TYU,Ishim,no,,,,,,,Аэродром Ишим
44360,RU-0121,small_airport,Verkhneimbatsk Airport,63.156939,87.972736,,EU,RU,RU-KYA,Verkhneimbatsk,no,,,,,,,"Verhneimbatsk Airport, Аэропорт Верхнеимбатск"
44361,RU-0122,small_airport,Yalutorovsk Airfield,56.666335,66.248322,209,AS,RU,RU-TYU,Yalutorovsk,no,,,,XNTL,,,"ЬНТЛ, Аэродром Ялуторовск"
44364,RU-0123,small_airport,Birobidzhan Yuzhniy Airfield,48.583557,133.048811,217,AS,RU,RU-YEV,Birobidzhan,no,,,UHHB,,,https://en.wikipedia.org/wiki/Birobidzhan_Yuzhniy_Airfield,"УХХБ, Birobidzhan Yuzhny Airfield, Birobidzhan South Airfield, Zholty Yar Airfield, Zhelty Yar Airfield, Аэропорт Биробиджан Южный, Аэропорт Жёлтый Яр, Аэропорт Желтый Яр"
44366,RU-0124,closed,Birofeld Airfield,48.400002,132.783005,253,AS,RU,RU-YEV,Birofeld,no,,,,,,,"ЗЦ2В, Аэродром Бирофельд, ZC2W"
44370,RU-0125,medium_airport,Bobrovka Air Base,53.145,50.709999,140,AS,RU,RU-SAM,Kinel,no,,,XWWO,,,,Аэродром Бобровка
44378,RU-0126,small_airport,Borzya Zapadnaya Airfield,50.354,116.260002,,AS,RU,RU-ZAB,Borzya,no,,,,,,,"Borzya West Airfield, Аэродром Борзя Западная"
44379,RU-0127,closed,Bryansk Airport,53.269328,34.336638,702,EU,RU,RU-BRY,Bryansk,no,,,,,,,"ZA20, ЗА20, Аэропорт Брянск"
44380,RU-0128,medium_airport,Budyonnovsk Air Base,44.830002,44.013,,EU,RU,RU-STA,Budyonnovsk,no,,,URMB,,,,"Budennovsk Air Base, Аэродром Будённовск, Аэродром Буденновск"
44381,RU-0129,small_airport,Buzuluk Airport,52.8129997253418,52.22200012207031,,EU,RU,RU-ORE,Buzuluk,no,,,UWOX,,,,Аэропорт Бузулук
44387,RU-0130,closed,Yefremov Air Base,53.115002,38.243,,EU,RU,RU-TUL,Yefremov,no,,,,,,,"Efremov Air Base, Аэродром Ефремов, XUWE"
44388,RU-0131,closed,Troitskoye Air Base,46.455002,44.209999,420,EU,RU,RU-KL,Troitskoye,no,,,,,,,"ЬРВТ, Troitskoe Air Base, Аэродром Троицкое, XRWT"
44392,RU-0132,medium_airport,Chernigovka Air Base,44.32239,132.545289,328,AS,RU,RU-PRI,Chernigovka,no,,,UHII,,,,Аэродром Черниговка
44398,RU-0133,small_airport,Kashtak Airfield,52.110933,113.49698,,EU,RU,RU-ZAB,Chita,no,,,,,,,Аэродром Каштак
44399,RU-0134,heliport,Chizha Heliport,67.083295,44.363653,23,EU,RU,RU-NEN,Chizha,no,,,,ULBI,,,"Аэропорт Чижа, УЛБИ"
44406,RU-0135,small_airport,Esso Airport,55.938121,158.710606,1564,AS,RU,RU-KAM,Esso,no,,,UHQS,,,,"УХЯС, Аэропорт Эссо"
44415,RU-0136,closed,Galyonki Air Base,44.094144,131.804885,380,AS,RU,RU-PRI,Galyonki,no,,,,,,,"Galenki Air Base, Аэродром Галёнки, Аэродром Галенки, XHIG"
44416,RU-0137,small_airport,Gazimurskiy Zavod Airport,51.547001,118.370003,2020,AS,RU,RU-ZAB,Gazimurskiy Zavod,no,,,,,,,"Gazimursky Zavod Airport, Аэропорт Газимурский Завод"
44417,RU-0138,closed,Girvas Air Base,62.482543,33.74992,302,EU,RU,RU-KR,Girvas,no,,,,,,,"Аэродром Гирвас, XLPG, ЬЛПГ"
44418,RU-0139,small_airport,Goryachinsk Airport,53.01499938964844,108.3270034790039,,AS,RU,RU-BU,Goryachinsk,no,,,,,,,Аэропорт Горячинск
44419,RU-0140,small_airport,Gryazi Airfield,52.43299865722656,39.900001525878906,,EU,RU,RU-LIP,Gryazi,no,,,,,,,Аэродром Грязи
44422,RU-0141,closed,Idrinskoye Airport,54.362999,91.987,,AS,RU,RU-KYA,Idrinskoye,no,,,,,,,"Idrinskoe Airport, Аэропорт Идринское"
44423,RU-0142,small_airport,Imeni Poliny Osipenko Airport,52.439998626708984,136.4739990234375,,AS,RU,RU-KHA,Imeni Poliny Osipenko,no,,,,,,,"Polina Osipenko Airport, Аэропорт имени Полины Осипенко, Аэропорт им. Полины Осипенко"
44698,RU-0143,heliport,Avachinskiy Heliport,53.160668,158.388392,36,AS,RU,RU-KAM,Yelizovo,yes,,,UHQA,,,,"УХЯА, Avachinsky Heliport, Yelizovo Heliport, Вертодром Авачинский, Вертодром Елизово"
44476,RU-0144,closed,Dubrovitsy Airfield,55.415001,37.48,,EU,RU,RU-MOS,Podolsk,no,,,,,,,Аэродром Дубровицы
44477,RU-0145,closed,Chaikovskiy Airport,56.75,54.14500045776367,,EU,RU,RU-PER,Chaikovskiy,no,,,,,,,"Chaykovskiy Airport, Chaikovsky Airport, Аэропорт Чайковский, USPW"
44478,RU-0146,small_airport,Froly Airfield,57.901598,56.243678,,EU,RU,RU-PER,Froly,no,,,,,,,Аэродром Фролы
44479,RU-0147,small_airport,Kurkachi Airfield,55.97999954223633,49.58100128173828,,EU,RU,RU-TA,Kurkachi,no,,,,,,,Аэродром Куркачи
44480,RU-0148,small_airport,Maikhe Airfield,43.423353,132.422864,,AS,RU,RU-PRI,Shtykovo,no,,,ZA83,,,,Аэродром Майхэ
44481,RU-0149,small_airport,Uglovaya Air Base,43.347977,132.058755,40,AS,RU,RU-PRI,Artyom,no,,,UHIU,,,,"Uglovoye Air Base, Аэродром Угловая, Аэродром Угловое, UHIU, UUGG"
44555,RU-0150,heliport,Saint Petersburg Children's Hospital No.1 Helipad,59.836299896240234,30.186500549316406,,EU,RU,RU-SPE,Saint Petersburg,no,,,,,,,Вертолётная площадка Детской больницы № 1
44556,RU-0151,heliport,Petropavlovskaya Krepost Helipad,59.951484,30.313715,15,EU,RU,RU-SPE,Saint Petersburg,no,,,ULLQ,,,,"Peter and Paul Fortress Helipad, Вертолётная площадка Петропавловская Крепость, УЛЛЯ"
44575,RU-0152,medium_airport,Mozdok Air Base,43.78499984741211,44.599998474121094,,EU,RU,RU-SE,Mozdok,no,,,,,,,Аэродром Моздок
44576,RU-0153,closed,Komendantskiy Airfield,59.99700164794922,30.290000915527344,,EU,RU,RU-SPE,St. Petersburg,no,,,,,,,"Komendantsky Airfield, Комендантский Аэродром"
44580,RU-0154,closed,Ropsha Airfield,59.71099853515625,29.80500030517578,,EU,RU,RU-LEN,Ropsha,no,,,,,,,Аэродром Ропша
44581,RU-0155,small_airport,Seltso Airfield,59.617443,29.542865,476,EU,RU,RU-LEN,Seltso,no,,,ULSC,,,https://ru.wikipedia.org/wiki/%D0%90%D1%8D%D1%80%D0%BE%D0%B4%D1%80%D0%BE%D0%BC_%D0%A1%D0%B5%D0%BB%D1%8C%D1%86%D0%BE,"Аэродром Сельцо, Sel'tso, Kas'kovo"
44598,RU-0156,small_airport,Solnechniy Airfield,56.108001708984375,92.93699645996094,,AS,RU,RU-KYA,Krasnoyarsk,no,,,,,,,"Solnechny Airfield, Аэродром Солнечный"
44599,RU-0157,small_airport,Manskiy Airfield,55.76300048828125,93.7770004272461,,AS,RU,RU-KYA,Shalinskoye,no,,,,,http://www.mansky.ru/,,"Mansky Airfield, Аэродром Манский"
44603,RU-0158,small_airport,Severskaya Airfield,44.85499954223633,38.63999938964844,,EU,RU,RU-KDA,Severskaya,no,,,,,,,Аэродром Северская
44604,RU-0159,closed,Izborsk Airport,57.71500015258789,27.70400047302246,,EU,RU,RU-PSK,Izborsk,no,,,,,,,Аэропорт Изборск
44608,RU-0160,heliport,Sennaya Guba Helipad,61.99599838256836,35.22800064086914,,EU,RU,RU-KR,Sennaya Guba,no,,,,,,,Сенная Губа
44609,RU-0161,closed,Tikhvin Airfield,59.650002,33.595001,,EU,RU,RU-LEN,Tikhvin,no,,,,,,,"Аэропорт Тихвин, ULST"
44616,RU-0162,small_airport,Maksimkin Yar Airport,58.68242645263672,86.82374572753906,,AS,RU,RU-TOM,Maksimkin Yar,no,,,,,,,Аэропорт Максимкин Яр
44618,RU-0163,closed,Yegorlykskaya Air Base,46.573002,40.59,,EU,RU,RU-ROS,Yegorlykskaya,no,,,,,,,"Egorlykskaya Airfield, Аэродром Егорлыкская, XRRL"
44619,RU-0164,small_airport,Tikhoretsk Air Base,45.879002,40.105,253,EU,RU,RU-KDA,Tikhoretsk,no,,,URKT,,,,"Tihoretsk Air Base, Аэродром Тихорецк"
44620,RU-0165,small_airport,Agoy Airfield,44.138929,39.028943,,EU,RU,RU-KDA,Agoy,no,,,,,,,"Agoi Airport, Аэродром Агой, MSFS UAGG"
44621,RU-0166,closed,Giaginskaya Air Base,44.887001,39.965,,EU,RU,RU-AD,Giaginskaya,no,,,,,,,"Giaginskaya Northwest Airfield, Аэродром Гиагинская, XRKG"
44622,RU-0167,small_airport,Mozhga Airport,56.42380142211914,52.27870178222656,,EU,RU,RU-UD,Mozhga,no,,,,,,,Аэропорт Можга
44623,RU-0168,small_airport,Sarmany Airport,55.257999420166016,52.573001861572266,449,EU,RU,RU-TA,Sarmanovo,no,,,,,,https://en.wikipedia.org/wiki/Sarmany_Airport,"Sarmanovo Airport, Аэропорт Сарманы, Аэропорт Сарманово"
44631,RU-0169,small_airport,Byngi Airfield,57.57500076293945,60.209999084472656,,AS,RU,RU-SVE,Nevyansk,no,,,,,,,"Nevyansk Airfield, Аэродром Быньги, Аэродром Невьянск"
44632,RU-0170,small_airport,Baltym Airfield,57.10900115966797,60.606998443603516,,AS,RU,RU-SVE,Krasny Aduy,no,,,,,,,Аэродром Балтым
44633,RU-0171,small_airport,Troitsk Air Base,54.110001,61.535,,AS,RU,RU-CHE,Troitsk,no,,,,,,,Аэродром Троицк
44634,RU-0172,small_airport,Gudron Airfield,51.210999,58.682999,,AS,RU,RU-ORE,Orsk,no,,,,,,,Аэродром Гудрон
44635,RU-0173,small_airport,Georgiyevka Airfield,53.28499984741211,51.03099822998047,,EU,RU,RU-SAM,Georgiyevka,no,,,,,,,"Georgievka Airfield, Аэродром Георгиевка"
44637,RU-0174,heliport,Emergency Medicine Research Institute Helipad,59.873600006103516,30.358699798583984,,EU,RU,RU-SPE,Saint Petersburg,no,,,,,http://www.emergency.spb.ru/,,Вертолётная площадка НИИ Скорой помощи
44638,RU-0175,heliport,Ambassador Hotel Helipad,59.924900054932,30.310459136963,,EU,RU,RU-SPE,Saint Petersburg,no,,,ULLH,ULLH,,,"УЛЛХ, Вертолётная площадка отеля Амбассадор"
44639,RU-0176,heliport,Marli Helipad,59.8904533386,29.8946247101,,EU,RU,RU-SPE,Saint Petersburg,no,,,,,,,Вертолётная площадка Марли
44640,RU-0177,heliport,Uglich Fominskoye Helipad,57.548500061035156,38.2953987121582,,EU,RU,RU-YAR,Uglich,no,,,,,,,"Uglich Fominskoe Helipad, Вертолётная площадка Углич-Фоминское"
44641,RU-0178,heliport,Yaskino Helipad,59.170249938964844,39.82509994506836,,EU,RU,RU-VLG,Vologda,no,,,,,,,"Abramtsevo Helipad, Вертолётная площадка Яскино, Вертолётная площадка Абрамцево"
44642,RU-0179,heliport,Tushino Children's Hospital Helipad,55.85139846801758,37.40190124511719,,EU,RU,RU-MOW,Moscow,no,,,,,http://tdgb-mos.ru/,,Вертолётная площадка Тушинской Детской больницы
44643,RU-0180,heliport,Alyye Parusa Helipad,55.80670166015625,37.449501037597656,,EU,RU,RU-MOW,Moscow,no,,,,,,,Вертолётная площадка Алые Паруса
44644,RU-0181,heliport,Solntsevo Heliport,55.643001556396484,37.387001037597656,,EU,RU,RU-MOW,Moscow,no,,,UUWS,,http://www.aovzlet.ru/ENG/index.html,,"Vzlyot Heliport, Vzlet Heliport, Вертодром Солнцево, Вертодром НПО ""Взлёт"", Вертодром НПО ""Взлет"""
44699,RU-0182,small_airport,Chegdomyn Airport,51.136162,132.941573,,EU,RU,RU-KHA,Chegdomyn,no,,,UHHM,,,,Аэропорт Чегдомын
44649,RU-0183,closed,Kyargozero Air Base,63.305,34.455002,,EU,RU,RU-KR,Ramentsy,no,,,,,,,"Аэродром Кяргозеро, ZF90"
44650,RU-0184,small_airport,Yuryevskoye Airfield,56.779999,36.285,397,EU,RU,RU-TVE,Yuryevskoye,no,,,,UUEY,http://www.volganka.ru/aero.html,,"Yuryevskoe Airport, Volzhanka Airport, Аэродром Юрьевское, Аэродром Волжанка"
44652,RU-0185,small_airport,Marino Airstrip,56.6339988708,36.8860015869,,EU,RU,RU-TVE,Filimonovo,no,,,,,,,"Filimonovo Airstrip, ВПП Марьино, ВПП Филимоново"
44653,RU-0186,heliport,Torzhok Helicopter Base,57.043818,35.001704,565,EU,RU,RU-TVE,Torzhok,no,,,,XUET,,,"Вертолётодром Торжок, ЬУЕТ"
44654,RU-0187,heliport,Blagoveshchenye Vertodrom,56.32569,38.097895,795,EU,RU,RU-MOS,Sergiev Posad,no,,,UUMX,,,,"УУМЬ, Blagoveschenye Airfield, Аэродром Благовещенье"
44655,RU-0188,seaplane_base,Dubna Seaplane Base,56.71500015258789,37.05500030517578,,EU,RU,RU-MOS,Dubna,no,,,,,,,Гидроаэродром Дубна
44656,RU-0189,small_airport,Kostomuksha Airfield,64.617996,30.687,681,EU,RU,RU-KR,Kostomuksha,no,,,,ULPM,,,"Аэропорт Костомукша, УЛПМ"
44700,RU-0190,heliport,Pugachyov Heliport,52.033001,48.82,130,AS,RU,RU-SAR,Pugachyov,no,,,,,,,"Pugachev Heliport, Вертодром Пугачёв, Вертодром Пугачев"
44658,RU-0191,closed,Pyaozero Air Base (abandoned),65.768997,30.976999,,EU,RU,RU-KR,Pyaozerskiy,no,,,,,,,"Pyaozero Airport, Pyaozerskiy Airport, Pyaozersky Airport, Аэропорт Пяозеро, Аэропорт Пяозерский"
44701,RU-0192,closed,Kozhin Airfield,51.125,49.639999,,AS,RU,RU-SAR,Ozinki,no,,,,,,,"Ozinki Airfield, Аэродром Кожин, Аэродром Озинки"
44702,RU-0193,heliport,Pushkino Heliport,56.042,37.978001,592,EU,RU,RU-MOS,Zverosovkhoz,no,,,UUME,,http://www.agusta.ru/,,"УУМЕ, Вертодром Пушкино, Зверосовхоз"
44661,RU-0194,closed,Sinegorye Airport,62.262558,150.752421,,AS,RU,RU-MAG,Sinegorye,no,,,,,,,"UHMQ, УХМЯ, Аэропорт Синегорье"
44739,RU-0195,small_airport,Kinel-Cherkassy Air Base,53.46500015258789,51.560001373291016,,EU,RU,RU-SAM,Kinel-Cherkassy,no,,,,,,,"Tolkay Air Base, Аэродром Кинель-Черкассы, Аэродром Толкай"
44663,RU-0196,small_airport,Tomtor Airport,63.243,143.173004,2423,AS,RU,RU-SA,Tomtor,no,,,UEMJ,,,,"УЕМЙ, Аэропорт Томтор, Oymyakon, Оймякон"
44743,RU-0197,closed,Zimovniki Air Base,47.141998,42.395,235,EU,RU,RU-ROS,Zimovniki,no,,,,,,,"Аэродром Зимовники, XRRZ"
44665,RU-0198,small_airport,Solnechniy Airport,60.257631,137.512344,1258,AS,RU,RU-SA,Ust-Ynykchan,no,,,UEML,,,,"УЕМЛ, Solnechny Airport, Ust-Ynykchan Airport, Аэропорт Солнечный, Аэропорт Усть-Ыныкчан"
44666,RU-0199,small_airport,Dzhebariki-Khaya Airport,62.192488,135.862693,676,AS,RU,RU-SA,Dzhebariki-Khaya,no,,,UEQD,,,,"УЕЯД, Dzhebariki-Haya Airport, Аэропорт Джебарики-Хая"
44746,RU-0201,closed,Shabanovo Airfield,57.794997,28.299999,148,EU,RU,RU-PSK,Pskov,no,,,,,,,"ЬЛЛБ, Аэродром Шабаново, XLLB"
44751,RU-0202,small_airport,Karachikha Airfield,57.650002,39.759998,,EU,RU,RU-YAR,Yaroslavl,no,,,,XUDA,,,Аэродром Карачиха
44758,RU-0203,small_airport,Koyda Airstrip,66.377998,42.557999,,EU,RU,RU-ARK,Koyda,no,,,,ULBJ,,,"Koida Airport, Аэропорт Койда, UKAN"
44761,RU-0204,small_airport,Kanevka Airstrip,67.121002,39.716999,492,EU,RU,RU-MUR,Kanevka,no,,,,ULMZ,,,Аэропорт Каневка
44763,RU-0205,small_airport,Sosnovka Airstrip,66.503998,40.577999,82,EU,RU,RU-MUR,Sosnovka,no,,,,ZFZ4,,,"Аэропорт Сосновка, ЗФЗ4"
44764,RU-0206,closed,Tetrino Airfield,66.058767,38.282633,16,EU,RU,RU-MUR,Tetrino,no,,,,,,,"Аэропорт Тетрино, ZFJ6"
44766,RU-0207,heliport,Chavanga Helistrip,66.112731,37.757778,98,EU,RU,RU-MUR,Chavanga,no,,,ULMQ,,,,"Аэропорт Чаваньга, УЛМЯ"
44767,RU-0208,closed,Chapoma Airport,66.114998,38.825001,98,EU,RU,RU-MUR,Chapoma,no,,,,,,,"УЛМП, Аэропорт Чапома, ULMP"
44774,RU-0209,closed,Derevyannoe Air Base,61.606998,34.620998,131,EU,RU,RU-KR,Derevyannoe,no,,,,,,,"Аэропорт Деревянное, XLPD, ЬЛПД"
44801,RU-0210,small_airport,Aginskoye Airport,55.265999,94.860001,,AS,RU,RU-KYA,Aginskoye,no,,,,,,,Аэропорт Агинское
44866,RU-0211,medium_airport,Taganrog Tsentralny Air Base,47.24645,38.8403,151,EU,RU,RU-ROS,Taganrog,no,,,,XRRC,,,"ЬРРЦ, Taganrog Northwest Airport, Аэропорт Таганрог Центральный"
44883,RU-0212,small_airport,Arsenyev Sport Airfield,44.142367,133.272228,630,EU,RU,RU-PRI,Arsenyev,no,,,UHWA,UHWA,http://sky.vvo.ru/,,"УХВА, Аэродром Арсеньев"
44884,RU-0213,heliport,Panki Heliport,55.668301,37.931999,,EU,RU,RU-MOS,Lyubertsy,no,,,,XUCL,http://www.mi-helicopter.ru/index_eng.html,,Вертодром Панки
44885,RU-0214,heliport,Ukhtomskaya Heliport,55.69729995727539,37.87900161743164,,EU,RU,RU-MOS,Lyubertsy,no,,,,,http://www.kamov.ru/,,Вертодром Ухтомская
44886,RU-0215,heliport,Zhulebino Heliport,55.6870002746582,37.84000015258789,,EU,RU,RU-MOW,Moscow,no,,,,,,,Вертодром Жулебино
44898,RU-0216,small_airport,Vokhma Airport,58.917332,46.725373,506,EU,RU,RU-KOS,Vokhma,no,,,,ZAX8,,,"ЗАЬ8, Аэропорт Вохма"
44899,RU-0217,medium_airport,Sormovo Airfield,56.32,43.799999,249,EU,RU,RU-NIZ,Nizhniy Novgorod,no,,,,XUDS,,https://en.wikipedia.org/wiki/Sormovo_%28airfield%29,"ЬУДС, Аэродром Сормово"
44912,RU-0218,small_airport,Bolshoye Gryzlovo Airfield,54.785,37.645,797,EU,RU,RU-MOS,Pushchino,no,,,UUDG,UUDG,https://web.archive.org/web/20190919145712/http://finam.aero/ostore/aerodrom_bg.html,,"Bolshoe Gryzlovo Airfield, Pushchino Airfield, Puschino Airfield, Аэродром Большое Грызлово, Аэродром Пущино, УУДГ"
44913,RU-0219,small_airport,Drakino Airfield,54.873,37.267,410,EU,RU,RU-MOS,Serpukhov,no,,,,,,,Аэродром Дракино
44914,RU-0220,small_airport,Volosovo Airfield,55.068,37.454,,EU,RU,RU-MOS,Volosovo,no,,,,,http://www.volosovo.ru/,,Аэродром Волосово
44915,RU-0221,closed,Sonino Airstrip,55.295953419899995,37.79211044309999,,EU,RU,RU-MOS,Sonino,no,,,,,,,ВПП Сонино
44916,RU-0222,closed,Lobanovo Airstrip,55.286851,37.941628,,EU,RU,RU-MOS,Barybino,no,,,,,,,ВПП Лобаново
44917,RU-0223,heliport,Malino Heliport,55.085,38.145,604,EU,RU,RU-MOS,Malino,no,,,,,,,Вертодром Малино
44918,RU-0224,small_airport,Pakhomovo Airfield,54.625,37.575,,EU,RU,RU-TUL,Pakhomovo,no,,,,,http://aeroclub.msk.ru/,,Аэродром Пахомово
44919,RU-0225,closed,Bronnitsy Airfield,55.424,38.3015,,EU,RU,RU-MOS,Bronnitsy,no,,,,,,,"Аэродром Бронницы, ZB34"
44921,RU-0226,small_airport,Korobcheyevo Airfield,55.092666,38.923033,404,EU,RU,RU-MOS,Kolomna,no,,,,XUMK,,,"ЬУМК, Korobcheevo Airfield, Аэродром Коробчеево"
44922,RU-0227,closed,Uzunovo Airport,54.526461314500004,38.5971164703,,EU,RU,RU-MOS,Uzunovo,no,,,,,,,Аэропорт Узуново
44923,RU-0228,small_airport,Rydoma Airfield,54.260288,37.256187,673,EU,RU,RU-TUL,Rydomo,no,,,,,,,Аэродром Рыдома
44924,RU-0229,small_airport,Myasnovo Airfield,54.213931,37.553004,,EU,RU,RU-TUL,Tula,no,,,,,,,Аэродром Мясново
44925,RU-0230,closed,Ryazhsk Airfield,53.695,40.005,,EU,RU,RU-RYA,Ryazhsk,no,,,,,,,"Аэродром Ряжск, XUWR"
44926,RU-0231,small_airport,Vatulino Airfield,55.661964,36.139039,689,EU,RU,RU-MOS,Ruza,no,,,UUMW,,http://www.ak-vatulino.ru,,"Аэродром Ватулино, Batulino"
44927,RU-0232,small_airport,Bezhitsa Airfield,53.338657,34.23419,532,EU,RU,RU-BRY,Bryansk,no,,,,XUBB,,,"ЬУББ, Bordovichi Airfield, Аэродром Бежица, Аэродром Бордовичи"
44928,RU-0233,closed,Kasimov Airport,54.931,41.424,,EU,RU,RU-RYA,Kasimov,no,,,,,,,Аэропорт Касимов
44929,RU-0234,heliport,Emergency Children's Surgery and Traumatology Research Institute Helipad,55.7377542577,37.6176381111,,EU,RU,RU-MOW,Moscow,no,,,UUUH,,,,"Вертолётная площадка Научно-исследовательский институт неотложной детской хирургии и травматологии, УУУХ"
44978,RU-0235,small_airport,Akhty Airfield,41.4744544227,47.7015209198,,EU,RU,RU-DA,,no,,,,,,,
44993,RU-0236,small_airport,Vyazma Zapadny Airstrip,55.203561416899994,34.2527103424,,EU,RU,RU-SMO,Vyazma,no,,,,,,,"Vyazma Zapadnaya Airstrip, Vyazma West Airstrip, ВПП Вязьма Западная"
44994,RU-0237,closed,Kozelsk Heliport,54.054,35.757,551,EU,RU,RU-KLU,Kozelsk,no,,,,,,,"Вертодром Козельск, XUBI, ЬУБИ"
44995,RU-0238,closed,Medyn Airfield,54.946,35.861,676,EU,RU,RU-KLU,Medyn,no,,,,,,https://cyclowiki.org/wiki/%D0%9C%D0%B5%D0%B4%D1%8B%D0%BD%D1%8C_(%D0%B0%D1%8D%D1%80%D0%BE%D0%B4%D1%80%D0%BE%D0%BC),"Аэродром Медынь, XUBE, ЬУБЕ"
44996,RU-0239,small_airport,Starodub Airfield,52.566687,32.799629,551,EU,RU,RU-BRY,Starodub,no,,,,UUFS,,,"Аэропорт Стародуб, УУФС"
44998,RU-0240,medium_airport,Seshcha Air Base,53.715258,33.339083,692,EU,RU,RU-BRY,Dubrovka,no,,,,XUWD,,,"ЬУВД, Sescha Air Base, Аэродром Сеща, Дубровка"
44999,RU-0241,small_airport,Rybinsk Yuzhny Airfield,58,38.84,,EU,RU,RU-YAR,Rybinsk,no,,,,,,,"Rybinsk South Airfield, Kstovo Airfield, Аэродром Рыбинск Южный, Аэродром Кстово"
45000,RU-0242,small_airport,Kirzhach Airfield,56.157,38.83,,EU,RU,RU-VLA,Slobodka,no,,,,XUMJ,,,"Аэродром Киржач, Слободка, ЬУМЙ"
45001,RU-0243,small_airport,Ivanovo Yasyunikha Airfield,56.963853,41.072424,408,EU,RU,RU-IVA,Ivanovo,no,,,,XUDN,,,"ЬУДН, Аэродром Иваново Ясюниха"
45002,RU-0244,heliport,Krasnyye Sosenki Heliport,56.843,40.485,417,EU,RU,RU-IVA,Teykovo,no,,,,XUDT,,,"ЬУДТ, Вертодром Тейково"
45003,RU-0245,small_airport,Nikitino Airfield,56.806,37.69,,EU,RU,RU-MOS,Taldom,no,,,,,,,Аэродром Никитино
45004,RU-0246,small_airport,Kolchugino Airfield,56.282,39.473,,EU,RU,RU-VLA,Kolchugino,no,,,,ZA5N,,,Аэропорт Кольчугино
45005,RU-0247,small_airport,Alferyevo Airfield,56.1,35.875,,EU,RU,RU-MOS,Volokolamsk,no,,,,,,,Аэродром Алферьево
45006,RU-0248,small_airport,Yegoryevsk Airfield,55.459,39.037,432,EU,RU,RU-MOS,Yegoryevsk,no,,,,XUMG,,,"Аэродром Егорьевск, Шувое, ЬУМГ"
45013,RU-0249,heliport,Novaya Heliport,55.8093,38.0454,,EU,RU,RU-MOS,Balashikha,no,,,,HA3G,,,Вертодром Новая
45014,RU-0250,heliport,Shevlino Helipad,56.085,36.791666666699996,,EU,RU,RU-MOS,,no,,,,,,,Вертолётная площадка Шевлино
45015,RU-0251,heliport,Anosino-1 Helipad,55.8470300909,36.982678771,,EU,RU,RU-MOS,,no,,,,,,,Вертолётная площадка Аносино-1
45016,RU-0252,heliport,Barvikha-3 Helipad,55.7596043747,37.282469272600004,,EU,RU,RU-MOS,Barvikha,no,,,,,,,Вертолётная площадка Барвиха-3
45017,RU-0253,heliport,City Clinical Hospital No.71 Helipad,55.7224908678,37.4304252863,,EU,RU,RU-MOW,Moscow,no,,,UUUR,,,,"GKB-71 Helipad, Вертолётная площадка ГКБ-71, Вертолётная площадка Городская Клиническая Больница 71, УУУР"
45018,RU-0254,heliport,A.K. Eramishantsev Hospital Helipad,55.865541,37.664593,480,EU,RU,RU-MOW,Moscow,no,,,UUUQ,UUUQ,,,"УУУЯ, GKB-20 Helipad, Вертолётная площадка ГКБ-20, Вертолётная площадка Городская Клиническая Больница № 20"
45019,RU-0255,heliport,Emergency Medicine Research Institute Helipad,55.7763618236,37.6385325193,,EU,RU,RU-MOW,Moscow,no,,,UUUD,,,,"Вертолётная площадка НИИ Скорой помощи имени Склифосовского, Вертолётная площадка НИИ СП, УУУД"
45020,RU-0256,heliport,Nagornoye Helipad,55.9128802485,37.6252770424,,EU,RU,RU-MOS,Mytishchi,no,,,,,,,"Nagornoe Helipad, Вертолётная площадка Нагорное"
35118,RU-0257,small_airport,Vyazma Air Base,55.148322,34.382915,794,EU,RU,RU-SMO,Vyazma-Bryanskaya,no,,,,XUMR,,https://en.wikipedia.org/wiki/Vyazma_Airport,"Dvoyevka Airfield, Dvoevka Airfield, Аэродром Вязьма, Аэродром Двоевка"
45021,RU-0258,heliport,City Clinical Hospital No.15 Helipad,55.7297442141,37.8306913376,,EU,RU,RU-MOW,Moscow,no,,,UUUN,,,,"GKB-15 Helipad, Вертолётная площадка ГКБ-15, Вертолётная площадка Городская Клиническая Больница № 15, УУУН"
45022,RU-0259,heliport,City Clinical Hospital No.7 Helipad,55.6615168095,37.641418576199996,,EU,RU,RU-MOW,Moscow,no,,,UUUB,,,,"GKB-7 Helipad, Вертолётная площадка ГКБ-7, Вертолётная площадка Городская Клиническая Больница № 7, УУУБ"
45023,RU-0260,heliport,Bakovka Helipad,55.682744247799995,37.333753109,,EU,RU,RU-MOW,Moscow,no,,,,,,,Вертолётная площадка Баковка
45024,RU-0261,heliport,Golitsyno Helipad,55.5770953068,36.8873906136,,EU,RU,RU-MOS,Golitsyno,no,,,,,,,Вертолётная площадка Голицыно
45025,RU-0262,heliport,Anino Helipad,55.5854762102,37.586331367499994,,EU,RU,RU-MOW,Moscow,no,,,,,,,Вертолётная площадка Анино
45026,RU-0263,heliport,MKAD 35 Kilometr Helipad,55.5818226716,37.572743296599995,,EU,RU,RU-MOW,Moscow,no,,,UUUY,,,,"Вертолётная площадка МКАД 35 Километр, УУУЫ"
45027,RU-0264,heliport,Alabino Helipad,55.5358682297,36.9638442993,614,EU,RU,RU-MOS,Moscow,no,,,,XUMA,,,"ЬУМА, Вертолётная площадка Алабино"
45028,RU-0265,heliport,Pavlovskoye Helipad,55.4800147534,37.7143800259,,EU,RU,RU-MOS,,no,,,,,,,"Pavlovskoe Helipad, Вертолётная площадка Павловское"
45029,RU-0266,heliport,Barvikha-4 Helipad,55.766965502699996,37.308213114699996,,EU,RU,RU-MOS,,no,,,,,,,Вертолётная площадка Барвиха-4
45030,RU-0267,heliport,Novo-Ogaryovo Helipad,55.731157870699995,37.201756238899996,,EU,RU,RU-MOS,,no,,,,,,,Вертолётная площадка Ново-Огарёво
45031,RU-0268,heliport,Ogaryovo Heliport,55.740609,37.208657,429,EU,RU,RU-MOS,Moscow,no,,,UUWO,,,,"УУВО, Вертодром Огарёво, Ogarevo"
45032,RU-0269,heliport,Gorki-9 Heliport,55.727494,37.130055,446,EU,RU,RU-MOS,Moscow,no,,,UUWU,,,,"УУВУ, Вертолётная площадка Горки-9"
45033,RU-0270,heliport,Crocus Expo Helipad,55.822586,37.384396,411,EU,RU,RU-MOS,Krasnogorsk,no,,,UUUG,,,,"УУУГ, Вертолётная площадка Крокус, Krokus Ekspo"
45034,RU-0271,heliport,City Children's Clinical Hospital No.9 Helipad,55.755484,37.539044,,EU,RU,RU-MOW,Moscow,no,,,,H091,,,Вертолётная площадка Городская Детская Клиническая Больница № 9
45035,RU-0272,heliport,Belaya Dacha Helipad,55.6550134703,37.8673732281,,EU,RU,RU-MOS,Kotelniki,no,,,,,,,Вертолётная площадка Белая Дача
45036,RU-0273,heliport,Sofrino Helipad,56.1551591134,37.9261350632,,EU,RU,RU-MOS,Sofrino,no,,,,,,,Вертолётная площадка Софрино
45037,RU-0274,heliport,Vlasikha Helipad,55.6835124185,37.1829593182,,EU,RU,RU-MOS,Vlasikha,no,,,,,,,Вертолётная площадка Власиха
45038,RU-0275,closed,MKAD 63 Kilometr Helipad,55.7904882502,37.3722910881,,EU,RU,RU-MOW,Moscow,no,,,,,,,"Вертолётная площадка МКАД 63 Километр, УУУЬ, UUUX"
45039,RU-0276,small_airport,Oyok Airfield,52.550028,104.453889,1502,AS,RU,RU-IRK,Irkutsk,no,,,,XIIO,,,"ЬИИО, Аэродром Оёк, Аэродром Оек, Иркуцк"
45041,RU-0277,heliport,Rzhevka Heliport,59.979235882,30.575825572,56,EU,RU,RU-LEN,St. Petersburg,no,,,,,http://www.corporatehelicopters.ru/english/,,Вертодром Ржевка
45169,RU-0278,closed,Sukhaya Rechka Naval Air Base,43.029,131.542,56,AS,RU,RU-PRI,Perevoznaya,no,,,,,,,"HA5E, ХА5Е, Аэродром Сухая Речка, Перевозная"
45171,RU-0279,heliport,Vera Helipad,55.6203,38.1521,,EU,RU,RU-MOS,Kratovo,no,,,,,,,Вертолётная площадка Вера
45172,RU-0280,heliport,Anosino-2 Heliport,55.8203,36.968901,562,EU,RU,RU-MOS,,no,,,UUWY,UUWY,,,"УУВЫ, Вертодром Аносино-2"
45173,RU-0281,small_airport,Bely Klyuch Airfield,54.1965,48.321,526,EU,RU,RU-ULY,Ulyanovsk,no,,,,XWWN,,,"ЬВВН, Beliy Klyuch Airfield, Аэродром Белый Ключ, Ульянаўск"
45175,RU-0282,medium_airport,Millerovo Air Base,48.955177,40.296356,499,EU,RU,RU-ROS,Millerovo,no,,,,XRRI,,,"Аэродром Миллерово, ЬРРИ"
45176,RU-0283,closed,Millerovo Airport,48.937,40.417,492,EU,RU,RU-ROS,Millerovo,no,,,,,,,"Аэропорт Миллерово, УРРИ, URRI"
45188,RU-0284,small_airport,Bogorodsk Airfield,56.122186,43.545365,413,EU,RU,RU-NIZ,Bogorodsk,no,,,,XUDK,,,"ЬУДК, Аэродром Богородск"
45190,RU-0285,small_airport,Primorsko-Akhtarsk Air Base,46.059,38.24,16,EU,RU,RU-KDA,Primorsko-Akhtarsk,no,,,,XRKP,,,"Аэродром Приморско-Ахтарск, ЬРКП"
45192,RU-0286,heliport,Temryuk Heliport,45.302121,37.321115,,EU,RU,RU-KDA,Temryuk,no,,,,ZAQ8,,,Вертодром Темрюк
45193,RU-0287,small_airport,Korenovsk Air Base,45.447,39.424,172,EU,RU,RU-KDA,Korenovsk,no,,,,,,,"Аэродром Кореновск, ЬРКО"
45194,RU-0288,small_airport,Kushchyovskaya Air Base,46.537,39.548,,EU,RU,RU-KDA,Kushchyovskaya,no,,,,,,,"Kuschyovskaya Air Base, Kushchevskaya Air Base, Kuschevskaya Air Base, Kushchovskaya Air Base, Аэродром Кущёвская, Аэродром Кущевская"
45215,RU-0289,small_airport,Goreloye Airfield,52.957,41.469,,EU,RU,RU-TAM,Tambov,no,,,,XUON,http://www.tambovsky.ru/,,"Goreloe Airfield, Аэродром Горелое, ЬУОН"
45230,RU-0290,closed,Kineshma Airport,57.416,42.19,415,EU,RU,RU-IVA,Kineshma,no,,,,,,,"ZB6E, ЗБ6Е, Аэропорт Кинешма"
45231,RU-0291,closed,Nezhitino Airport,57.4813,43.2863,,EU,RU,RU-IVA,Nezhitino,no,,,,,,,Аэропорт Нежитино
45232,RU-0292,closed,Yuryevets Airport,57.3373,43.0966,,EU,RU,RU-IVA,Yuryevets,no,,,,,,,"Аэропорт Юрьевец, UUIC"
45233,RU-0293,closed,Krasnogorye Airfield,57.7133,43.6878,,EU,RU,RU-KOS,Krasnogorye,no,,,,,,,Аэропорт Красногорье
45980,RU-0294,small_airport,Udskoye Airport,54.521729,134.423046,,AS,RU,RU-KHA,Udskoye,no,,,,,,,"Udskoe Airport, Аэропорт Удское"
46078,RU-0295,heliport,Burevestnik Yacht-club Helipad,55.9795,37.5282,,EU,RU,RU-MOS,Dolgoprudny,no,,,,,,,Вертолётная площадка Яхт-клуб Буревестник
46079,RU-0296,heliport,Rechnoy Yacht-club Helipad,59.963792,30.239106,4,EU,RU,RU-SPE,Saint Petersburg,no,,,ULLZ,,,,"УЛЛЗ, Central Yacht-club Helipad, Вертолётная площадка Речной Яхт-клуб, Вертолётная площадка Центральный Яхт-клуб"
46087,RU-0297,small_airport,Pereyaslavka-2 Air Base,47.996987,135.088182,269,AS,RU,RU-KHA,Pereyaslavka,no,,,XHHP,,,,Аэродром Переяславка
46089,RU-0298,small_airport,Marinovka Air Base,48.637,43.789,240,EU,RU,RU-VGG,Volgograd,no,,,,XRWM,,,"Аэродром Мариновка, ЬРВМ"
46090,RU-0299,small_airport,Varfolomeyevka Air Base,44.26182,133.411726,485,AS,RU,RU-PRI,Varfolomeyevka,no,,,,XHIF,,https://en.wikipedia.org/wiki/Varfolomeyevka_(air_base),"ЬХИФ, Varfolomeevka Air Base, Аэродром Варфоломеевка"
46125,RU-0300,heliport,Lensovetovskiy Heliport,59.765504738400004,30.4800224304,,EU,RU,RU-SPE,Saint Petersburg,no,,,,,http://aerosouz-piter.ru/,,"Lensovetovsky Heliport, Вертодром Ленсоветовский"
46126,RU-0301,heliport,Volen Heliport,56.2788410955,37.476253509500005,,EU,RU,RU-MOS,Yakhroma,no,,,UUEJ,,http://www.aerosouz.ru/home/moscow/,,"Вертодром Волен, УУЕЙ"
46127,RU-0302,heliport,Pridachinskaya Damba Heliport,51.674092,39.238755,302,EU,RU,RU-VOR,Voronezh,no,,,,HA43,,,"ХА43, Pridachenskaya Damba Heliport, Вертодром Придачинская Дамба, Вертодром Придаченская Дамба"
46128,RU-0303,medium_airport,Privolzhskiy Air Base,46.395726,47.887688,-66,EU,RU,RU-AST,Astrakhan,no,,,,XRAP,,https://en.wikipedia.org/wiki/Astrakhan_(air_base),"Privolzhsky Air Base, Privolzhye Airport, Аэродром Приволжский, Аэропорт Приволжье, ЬРАП"
46129,RU-0304,medium_airport,Kapustin Yar Airfield,48.667,45.732,,AS,RU,RU-AST,Znamensk,no,,,,,,,Аэродром Капустин Яр
46130,RU-0305,small_airport,Srednyaya Akhtuba Airfield,48.730157,44.861658,65,EU,RU,RU-AST,Srednyaya Akhtuba,no,,,,XRWA,,,"ЬРВА, Аэродром Средняя Ахтуба"
46131,RU-0306,small_airport,Beketovka Air Base,48.551003,44.369,400,EU,RU,RU-VGG,Volgograd,no,,,,XRWB,,,"ЬРВБ, Аэродром Бекетовка"
46132,RU-0307,small_airport,Kotelnikovo Air Base,47.635,43.095,190,EU,RU,RU-VGG,Kotelnikovo,no,,,,XRRK,,https://en.wikipedia.org/wiki/Kotelnikovo%20(air%20base),"Аэродром Котельниково, ЬРРК"
46133,RU-0308,small_airport,Romanovskaya Airfield,47.530133,42.03,,EU,RU,RU-ROS,Romanovskaya,no,,,,XRRW,,,Аэродром Романовская
46134,RU-0309,small_airport,Kholodnogorskiy Airfield,44.983,42.118,,EU,RU,RU-STA,Stavropol,no,,,,,,,"Kholodnogorsky Airfield, Аэродром Холодногорский"
46135,RU-0310,closed,Sal'sk Airfield,46.416,41.519,,EU,RU,RU-ROS,Sal'sk,no,,,,,,,Аэродром Сальск
46137,RU-0311,closed,Mikhaylovka Air Base,49.976,43.338,,EU,RU,RU-VGG,Mikhaylovka,no,,,,,,,"Rakovka Airfield, Аэродром Михайловка, Аэродром Раковка, XRWY"
46139,RU-0312,small_airport,Belaya Kalitva Airfield,48.217001,40.82,475,EU,RU,RU-ROS,Belaya Kalitva,no,,,,URRA,http://www.aeroport-bk.ru,,"УРРА, Аэропорт Белая Калитва"
46140,RU-0313,small_airport,Zernograd Air Base,46.835,40.38,300,EU,RU,RU-ROS,Zernograd,no,,,,XRRG,,,"Аэродром Зерноград, ЬРРГ"
46142,RU-0314,small_airport,Dubki Airfield,51.647,46.059,427,EU,RU,RU-SAR,Saratov,no,,,,,,,"Аэродром Дубки, УВСЗ"
46143,RU-0315,small_airport,Zabelskiy Airfield,54.7978028607,55.9420824051,,EU,RU,RU-BA,Ufa,no,,,,,,,"Zabelsky Airfield, Аэродром Забельский"
46144,RU-0316,small_airport,Loginovo Airfield,56.64745040139999,61.3502311707,,EU,RU,RU-SVE,Loginovo,no,,,,,,,Аэродром Логиново
46145,RU-0317,small_airport,Rozhdestveno Airfield,53.25,50.053,131,EU,RU,RU-SAM,Samara,no,,,,,,,Аэродром Рождествено
46146,RU-0318,small_airport,Sokol Air Base,51.284,58.605,,AS,RU,RU-ORE,Orsk,no,,,XWOW,,,,Аэродром Сокол
46147,RU-0319,small_airport,Kupino Air Base,54.352,77.354,,AS,RU,RU-NVS,Kupino,no,,,XNNK,,,,Аэродром Купино
46148,RU-0320,closed,Pervomayskiy Airport,55.6702275936,41.3566589355,,EU,RU,RU-VLA,Pervomayskiy,no,,,,,,,"Pervomaysky Airport, Аэропорт Первомайский"
46149,RU-0321,closed,Oryol Severny Airport,53.0044288837,36.0287618637,,EU,RU,RU-ORL,Oryol,no,,,,,,,"Oryol North Airport, Orel Severny Airport, Orel North Airport, Аэропорт Орёл Северный, Аэропорт Орел Северный"
46150,RU-0322,closed,Morshansk Air Base,53.44,41.737,,EU,RU,RU-TAM,Morshansk,no,,,,,,,"Аэродром Моршанск, XUWO"
46151,RU-0323,small_airport,Usman Airfield,52.025,39.675,,EU,RU,RU-LIP,Usman,no,,,,XUOU,,,"Аэродром Усмань, Сапсан, Sapsan"
46152,RU-0324,closed,Mordovo Airport,52.0783455164,40.7843399048,,EU,RU,RU-TAM,Mordovo,no,,,,,,,Аэропорт Мордово
46153,RU-0325,small_airport,Ryshkovo Airfield,51.6561578589,36.1818408966,,EU,RU,RU-KRS,Kursk,no,,,,,,,Аэродром Рышково
46154,RU-0326,closed,Kamenka Air Base,53.205,44.065,,EU,RU,RU-PNZ,Kamenka,no,,,,,,,"Аэродром Каменка, ZA4M"
46157,RU-0327,medium_airport,Vozdvizhenka Air Base,43.907501,131.925008,121,AS,RU,RU-PRI,Vozdvizhenka,no,,,UHWV,,,,"УХВЖ, Аэродром Воздвиженка, ЬХВЖ, UVOZ"
46158,RU-0328,closed,Pristan Naval Air Base,43.243,132.329,,EU,RU,RU-PRI,Shkotovo,no,,,,,,,"Romanovka Naval Air Base, Аэродром Пристань, Аэродром Романовка"
46159,RU-0329,small_airport,Khorol Air Base,44.449,132.124,315,AS,RU,RU-PRI,Khorol,no,,,XHIL,,,,Аэродром Хороль
46160,RU-0330,closed,Mys Nizmenny Airport,64.801473,177.584424,461,AS,RU,RU-CHU,Ugolnye Kopi,no,,,,,,,"Аэропорт Мыс Низменный, UAND"
46161,RU-0331,closed,Khvalynka Air Base,44.612076,132.885921,398,EU,RU,RU-PRI,Spassk-Dalniy,no,,,,,,https://en.wikipedia.org/wiki/Spassk-Dalny_Airfield,"Spassk-Dalniy Air Base, Spassk-Dalny Air Base, Аэродром Хвалынка, Аэродром Спасск-Дальний"
46162,RU-0332,small_airport,Novonezhino Airfield,43.21875,132.587198,,EU,RU,RU-PRI,Novonezhino,no,,,,,,,Аэродром Новонежино
46163,RU-0333,small_airport,Novorossiya Airfield,43.347,132.557,200,AS,RU,RU-PRI,Novorossiya,no,,,,,,,Аэродром Новороссия
46164,RU-0334,closed,Kansk Tsentralny Airport,56.1600347141,95.7121181488,,EU,RU,RU-KYA,Kansk,no,,,,,,,Аэропорт Канск Центральный
46190,RU-0335,small_airport,Lesnoy Airfield,53.251722,83.954945,,AS,RU,RU-ALT,Barnaul,no,,,,,,,Аэродром Лесной
46191,RU-0336,small_airport,Charyshskoye Airfield,51.402449,83.526096,1365,AS,RU,RU-ALT,Charyshskoye,no,,,,,,,"Charyshskoe Airfield, Аэродром Чарышское"
46192,RU-0337,small_airport,Ubinskoye Airport,55.3166,79.6666,,EU,RU,RU-NVS,Ubinskoye,no,,,,,,,"Ubinskoe Airport, Аэропорт Убинское"
46193,RU-0338,small_airport,Yurt-Ora Airstrip,55.4501751626,82.91646838190002,,EU,RU,RU-NVS,Yurt-Ora,no,,,,,,,ВПП Юрт-Ора
46194,RU-0339,heliport,Kubovaya Heliport,55.283772,83.016043,,AS,RU,RU-NVS,,no,,,XNNU,,,,Вертодром Кубовая
46195,RU-0340,heliport,Ataka Helipad,55.5901813455,84.97959136959999,,EU,RU,RU-KEM,,no,,,,,,,Вертолётная площадка Атака
46196,RU-0341,small_airport,Kemerovo Severny Airport,55.332720733399995,86.04554414750001,,EU,RU,RU-KEM,Kemerovo,no,,,,,,,"Kemerovo North Airport, Аэродром Кемерово Северный"
46197,RU-0342,small_airport,Yuzhnaya Airfield,54.654718956,83.07869911190001,,EU,RU,RU-NVS,Berdsk,no,,,,,,,"Yuzhny Airfield, ВПП Южная, ВПП Южный"
46198,RU-0343,small_airport,Iskitim Airfield,54.6,83.3,,EU,RU,RU-NGR,Iskitim,no,,,,,,,Аэродром Искитим
46199,RU-0344,heliport,Sibirskiy Heliport,53.585831,83.862376,594,AS,RU,RU-ALT,Sibirskiy,no,,,,,,,"Sibirsky Heliport, Вертодром Сибирский, ЬНБР"
46200,RU-0345,small_airport,Nazarovo Airport,55.972549,90.490179,885,AS,RU,RU-KYA,Nazarovo,no,,,,,,,Аэропорт Назарово
46201,RU-0346,closed,Uzhur Airport,55.263762,89.825678,1332,EU,RU,RU-KYA,Uzhur,no,,,,,,,Аэропорт Ужур
46202,RU-0347,small_airport,Maryanovka Airfield,54.9725397836,72.64649391169999,,EU,RU,RU-OMS,Maryanovka,no,,,,,,,Аэродром Марьяновка
46203,RU-0348,small_airport,Krasnoozyorsk Airport,53.992785208,79.3133926392,,EU,RU,RU-NVS,Krasnoozyorskoye,no,,,UNCN,,,,"Krasnoozersk Airport, Аэропорт Красноозёрск, Аэропорт Красноозерск, УНЦН"
46204,RU-0349,heliport,Shadrinsk Helipad,56.0982493243,63.7331163883,,EU,RU,RU-KGN,Shadrinsk,no,,,,,,,Вертолётная площадка Шадринск
46205,RU-0350,heliport,Abzakovo Helipad,53.801362,58.633187,1067,EU,RU,RU-BA,Abzakovo,no,,,,HA3B,,,"ХА3Б, Вертолётная площадка Абзаково, Новоабзаково"
46206,RU-0351,heliport,Gora Pashina Heliport,55.1261,60.563,988,EU,RU,RU-CHE,Chebarkul,no,,,,H558,,,"Х558, Вертодром Гора Пашина"
46219,RU-0352,heliport,Gurban Helipad,56.1640972421,37.545175552399996,,EU,RU,RU-MOS,,no,,,,,,,Вертолётная площадка Гурбан
46220,RU-0353,heliport,Bunkovo Heliport,55.8802339278,36.8073749542,,EU,RU,RU-MOS,Istra,no,,,,,http://vertolet.ru/filin.shtml,,"Kryuchkovo Heliport, Вертодром Буньково, Вертодром Крючково"
46221,RU-0354,closed,Krasny Posyolok Airfield,55.8135,36.978,,EU,RU,RU-MOS,Krasny Posyolok,no,,,,,,,"Krasny Poselok Airfield, Аэродром Красный Посёлок, Аэродром Красный Поселок"
46222,RU-0355,heliport,Nakhabino Helipad,55.8580088604,37.2091752291,,EU,RU,RU-MOS,Nakhabino,no,,,,,,,Вертолётная площадка Нахабино
46223,RU-0356,heliport,Mitino Heliport,55.868563,37.372935,486,EU,RU,RU-MOS,Putilkovo,no,,,,HA35,,,"ХА35, Вертодром Митино, Путилково"
46224,RU-0357,heliport,City Clinical Hospital No.36 Helipad,55.7913297014,37.7401989698,,EU,RU,RU-MOW,Moscow,no,,,,,,,"GKB-36 Helipad, Вертолётная площадка ГКБ-36, Вертолётная площадка Городская Клиническая Больница № 36"
46225,RU-0358,heliport,Grachi Helipad,55.4382719556,38.0714249611,,EU,RU,RU-MOS,Ilinskoye,no,,,,,,,Вертолётная площадка Грачи
46226,RU-0359,small_airport,Voskresensk Airstrip,55.308006,38.596964,499,EU,RU,RU-MOS,Voskresensk,no,,,UUMV,,,,"УУМЖ, ВПП Воскресенск, Воскресенськ"
46227,RU-0360,heliport,Mavrino Helipad,55.27367,37.2973,618,EU,RU,RU-MOW,Mavrino,no,,,,H720,,,"Х720, Вертолётная площадка Маврино"
46228,RU-0361,small_airport,Burny Airfield,60.61188,30.474349,45,EU,RU,RU-LEN,Solovyovo,no,,,ULSJ,,,,"Burnaya Airfield, Аэродром Бурный, Аэродром Бурная, УЛСЙ"
46229,RU-0362,small_airport,Bolshoy Lutsk Airstrip,59.4120340638,28.577284812900004,39,EU,RU,RU-LEN,Kingisepp,no,,,,,,,ВПП Большой Луцк
46230,RU-0363,heliport,Valday Helipad,58.011519476299995,33.3189690113,,EU,RU,RU-NGR,,no,,,,,,,Вертолётная площадка Валдай
46234,RU-0364,closed,Suzdal Airfield,56.492614,40.380292,350,EU,RU,RU-VLA,Suzdal,no,,,,,,,"Аэропорт Суздаль, Mutskoye Airport, ZAP1"
46235,RU-0365,small_airport,Novinki Airfield,54.978557,37.657439,,EU,RU,RU-MOS,Novinki-Begichevo,no,,,,UUDN,,,"Аэродром Новинки, УУДН"
46236,RU-0366,heliport,Polyany Helipad,55.034663031899996,38.821520805400006,,EU,RU,RU-MOS,Kolomna,no,,,,,,,Вертолётная площадка Поляны
46237,RU-0367,small_airport,Beloomut Airfield,54.9521,39.296583,323,EU,RU,RU-MOS,Beloomut,no,,,UUCB,,,,"УУЦБ, Аэродром Белоомут"
46238,RU-0368,small_airport,Seltsy Airfield,54.9237,39.6392,362,EU,RU,RU-RYA,Seltsy,no,,,,XUWS,,,"ЬУВС, Аэродром Сельцы"
46239,RU-0369,seaplane_base,Gelendzhik Seaplane Base,44.57,38.038611,,EU,RU,RU-KDA,Gelendzhik,no,,,URKN,,,,"Гидроаэродром Геленджик,Геленджик Бухта"
46240,RU-0370,heliport,Kochubeyevskoye Helicopter Base,44.685864,41.749377,,EU,RU,RU-STA,Kochubeyevskoye,no,,,,XRSK,,,"Kochubeyevskoe Airport, Kochubeevskoye Airport, Kochubeevskoe Airport, Аэропорт Кочубеевское"
46241,RU-0371,closed,Tatsinskaya Airfield,48.167059,41.277866,,EU,RU,RU-ROS,Tatsinskaya,no,,,,,,https://en.wikipedia.org/wiki/Tatsinskaya_Airfield,Аэродром Тацинская
46242,RU-0372,medium_airport,Rostov-on-Don Central Air Base,47.277386,39.635556,,EU,RU,RU-ROS,Rostov-on-Don,no,,,,XRRO,,,"Rostov-on-Don Tsentralny Air Base, Аэродром Ростов-на-Дону Центральный, ЬРРО"
46243,RU-0373,heliport,Rostov-na-Donu Severny Heliport,47.256631026,39.7347164154,,EU,RU,RU-ROS,Rostov-na-Donu,no,,,,,http://www.rostvertolplc.ru/,,"Rostov-on-Don Severny Heliport, Rostov-on-Don North Heliport, Вертодром Ростов-на-Дону Северный, ЬРРЙ"
46244,RU-0374,closed,Svetlograd Air Base,45.423335,42.680855,,EU,RU,RU-STA,Svetlograd,no,,,,,,,"Аэродром Светлоград, XRMS"
35038,RU-0375,small_airport,Monino Airfield,55.836700439453125,38.16999816894531,499,EU,RU,RU-MOS,Moscow,no,,,,,,https://en.wikipedia.org/wiki/Monino_Airfield,
46246,RU-0376,small_airport,Kalininskiy Airfield,44.8582,44.1829,,EU,RU,RU-STA,Budyonnovsk,no,,,,,,,"Kalininsky Airfield, Аэродром Калининский"
46248,RU-0377,small_airport,Makhachkala-1 Airfield,43.0126495066,47.4357461929,,EU,RU,RU-DA,Makhachkala,no,,,,,,,Аэродром Махачкала-1
46249,RU-0378,small_airport,Khunzakh Alart Airport,42.570339,46.729059,,EU,RU,RU-DA,Khunzakh,no,,,,,,,Аэропорт Хунзах
46250,RU-0379,heliport,Tlyarata Helipad,42.1167563323,46.3519728184,4921,EU,RU,RU-DA,Tlyarata,no,,,,,,,Вертолётная площадка Тлярата
46251,RU-0380,medium_airport,Akhtubinsk Air Base,48.3085,46.2365,50,AS,RU,RU-AST,Akhtubinsk,no,,,,XRWH,,,"Ahtubinsk Air Base, Аэродром Ахтубинск, ЬРВХ"
46252,RU-0381,small_airport,Osypnoy Bugor Airfield,46.2871581029,48.061172962200004,-72,EU,RU,RU-AST,Astrakhan,no,,,,,,,"Аэродром Осыпной Бугор, ЬРАБ"
46253,RU-0382,small_airport,Tri Protoka Airfield,46.326142,48.15254,-72,AS,RU,RU-AST,Astrakhan,no,,,,,,,"Аэродром Три Протока, ЬРАР"
46257,RU-0383,small_airport,Kuznetsk Airport,53.098095652,46.5904426575,,EU,RU,RU-PNZ,Kuznetsk,no,,,,,,,Аэропорт Кузнецк
46258,RU-0384,heliport,Volzhskiy Utyos Helipad,53.38546568179999,49.0975141525,,EU,RU,RU-SAM,Usolye,no,,,,,,,"Volzhsky Utyos Helipad, Volzhskiy Utes Helipad, Volzhsky Utes Helipad, Вертолётная площадка Волжский Утёс, Вертолётная площадка Волжский Утес"
46259,RU-0385,small_airport,Volsk Airfield,52.030343501299996,47.322063446,546,EU,RU,RU-SAR,Volsk,no,,,,,,,"Аэродром Вольск, ЬВВВ"
46260,RU-0386,small_airport,Novosyolki Airport,53.9099000326,49.7357082367,,EU,RU,RU-ULY,Novosyolki,no,,,,,,,"Novoselki Airport, Аэропорт Новосёлки, Аэропорт Новоселки, УВЛН"
46262,RU-0387,small_airport,Golovino Airport,56.3665099612,84.7375488281,,EU,RU,RU-TOM,Golovino,no,,,,,,,"Golovinа Airport, Аэропорт Головино, Аэропорт Головина"
46275,RU-0388,heliport,Bor Heliport,55.3596914463,37.729507684699996,,EU,RU,RU-MOS,Odintsovo,no,,,,,,,Вертодром Бор
46276,RU-0389,heliport,Noginsk Helicopter Base,55.916097,38.480387,,EU,RU,RU-MOS,Noginsk,no,,,,HCP2,,,Аэродром Ногинск
46277,RU-0390,heliport,Utkina Zavod Helipad,59.8685824318,30.4858160019,,EU,RU,RU-SPE,Saint Petersburg,no,,,,,,,"Utkina Zavod' Helipad, Вертолётная площадка Уткина Заводь"
46281,RU-0391,small_airport,Vikhrevo Airfield,56.240187,38.159867,,EU,RU,RU-MOS,Sergiyev Posad,no,,,,,http://www.vihrevo.ru/,,Аэродром Вихрево
46315,RU-0392,closed,Zvezda Airfield,52.940983295100004,49.6066188812,,EU,RU,RU-SAM,Chapayevsk,no,,,,,,,Аэродром Звезда
46316,RU-0393,small_airport,Krasny Yar Airport,53.508635,50.439348,140,EU,RU,RU-SAM,Krasny Yar,no,,,,UWWQ,,,"Аэропорт Красный Яр, УВВЯ"
46319,RU-0394,closed,Kovdor Airfield,67.534149,30.619197,,EU,RU,RU-MUR,Kovdor,no,,,,,,,"Аэропорт Ковдор, ULMD"
46320,RU-0395,closed,Kitsa Airfield,68.507364,33.287544,605,EU,RU,RU-MUR,Pushnoy,no,,,,,,,"ЬЛМТ, Тайбола, Аэродром Кица, Taybola Northwest Airport, XLMT"
46321,RU-0396,small_airport,Okunev Nos Airport,66.2877128016,52.5848579407,,EU,RU,RU-KO,Okunev Nos,no,,,,,,,Аэропорт Окунев Нос
46322,RU-0397,small_airport,Korzhevskiy Airstrip,45.2146965624,37.74410963059999,,EU,RU,RU-KDA,Korzhevskiy,no,,,,,,,"Korzhevsky Airstrip, ВПП Коржевский"
46323,RU-0398,small_airport,Kiyevskoye Airstrip,45.0605629952,37.9666471481,,EU,RU,RU-KDA,Kiyevskoye,no,,,,,,,"Kievskoe Airstrip, Kievskoye Airstrip, ВПП Киевское"
46324,RU-0399,closed,Yablonovskiy Airstrip,44.970461,38.993847,,EU,RU,RU-AD,Yablonovskiy,no,,,,,,,"Yablonovsky Airstrip, ВПП Яблоновский, ZA62"
46325,RU-0400,closed,Dolzhanskaya Airfield,46.60772,37.923431,,EU,RU,RU-KDA,Dolzhanskaya,no,,,,,,,"Аэродром Должанская, ZE35"
46326,RU-0401,small_airport,Olginskaya Airstrip,45.938347786899996,38.399909734699996,,EU,RU,RU-KDA,Olginskaya,no,,,,,,,ВПП Ольгинская
46327,RU-0402,small_airport,Medvedkovskaya Airstrip,45.4433769126,38.960459232299996,,EU,RU,RU-KDA,Medvedkovskaya,no,,,,,,,ВПП Медведковская
46328,RU-0403,small_airport,Yelizavetinskaya Airstrip,45.085393,38.805385,,EU,RU,RU-KDA,Yelizavetinskaya,no,,,,,,,"Elizavetinskaya Airstrip, ВПП Елизаветинская"
46329,RU-0404,small_airport,Osechki Azimut Airfield,45.256686,38.918593,,EU,RU,RU-KDA,Novotitarovskaya,no,,,,,,,ВПП Осечки
46330,RU-0405,small_airport,Novotitarovskaya Airstrip,45.249648900299995,39.076695442200005,,EU,RU,RU-KDA,Novotitarovskaya,no,,,,,,,ВПП Новотитаровская
46331,RU-0406,small_airport,Novodmitriyevskaya Airstrip,44.8486583488,38.897244930300005,,EU,RU,RU-KDA,Novodmitriyevskaya,no,,,,,,,"Novodmitrievskaya Airstrip, ВПП Новодмитриевская"
46332,RU-0407,small_airport,Rodnikovskaya Airstrip,44.777646496,40.7087659836,,EU,RU,RU-KDA,Rodnikovskaya,no,,,,,,,ВПП Родниковская
46333,RU-0408,small_airport,Kusino Airfield,59.402156,31.815548,102,EU,RU,RU-LEN,Kusino,no,,,,ULSI,http://kusino.ru/,,"Аэродром Кусино, УЛСИ"
46334,RU-0409,small_airport,Yastrebino Airstrip,59.385616251799995,28.930242061599998,,EU,RU,RU-LEN,Bolshaya Pustomerzha,no,,,,,,,ВПП Ястребино
46335,RU-0410,closed,Glazhevo Airstrip,59.660045842200006,32.1066427231,,EU,RU,RU-LEN,Glazhevo,no,,,,,,,ВПП Глажево
46336,RU-0411,closed,Chernogolovka Airfield,56.0230919816,38.3258914948,,EU,RU,RU-MOS,Chernogolovka,no,,,,,,,Аэродром Черноголовка
46337,RU-0412,small_airport,Panino Airstrip,54.4750251757,40.316905975299996,,EU,RU,RU-RYA,Panino,no,,,,,,,ВПП Панино
46338,RU-0413,closed,Negoditsy Airstrip,59.55807,29.217968,486,EU,RU,RU-LEN,Begunitsy,no,,,,,,,"ВПП Негодицы, ЗЦ3Е, ZC3E"
46339,RU-0414,closed,Borshchovo Airstrip,58.8422192647,30.378742218,,EU,RU,RU-LEN,Oredezh,no,,,,,,,"Borschovo Airstrip, ВПП Борщово"
46340,RU-0415,closed,Smychkovo Airfield,58.679526,30.041597,214,EU,RU,RU-LEN,Dzerzhinskogo,no,,,,,,,"Аэродром Смычково, Luga Southeast,, ZA7F"
46341,RU-0416,small_airport,Lyubytino Airstrip,58.802629,33.373418,,EU,RU,RU-NGR,Lyubytino,no,,,ULNL,,,,ВПП Любытино
46342,RU-0417,closed,Okulovka Airport,58.3744706694,33.3122205734,,EU,RU,RU-NGR,Okulovka,no,,,,,,,Аэропорт Окуловка
46343,RU-0418,closed,Ozyorny Heliport,57.865483923,33.6708641052,,EU,RU,RU-TVE,Ozyorny,no,,,,,,,"Ozerny Heliport, Вертодром Озёрный, Вертодром Озерный"
46344,RU-0419,closed,Maksatikha Airport,57.7728697983,35.8950805664,,EU,RU,RU-TVE,Maksatikha,no,,,,,,,"Maxatikha Airport, Аэропорт Максатиха"
46345,RU-0420,small_airport,Staritsa Airstrip,56.512343544100005,34.9719715118,,EU,RU,RU-TVE,Staritsa,no,,,,,,,ВПП Старица
46348,RU-0421,small_airport,Otradnaya Airfield,44.382189,41.489005,1588,EU,RU,RU-KDA,Otradnaya,no,,,,ZE4A,,,"ЗЕ4А, Аэропорт Отрадная"
46349,RU-0422,closed,Mostovskoy Airfield,44.393346,40.81614,,EU,RU,RU-KDA,Mostovskoy,no,,,,,,,"Аэропорт Мостовской, ZA8K"
46350,RU-0423,small_airport,Labinsk,44.663708,40.752668,,EU,RU,RU-KDA,Labinsk,no,,,URKW,,,,Аэропорт Лабинск
46351,RU-0424,small_airport,Kurganinsk Airfield,44.863048,40.625768,,EU,RU,RU-KDA,Kurganinsk,no,,,,ZE4C,,,Аэропорт Курганинск
46352,RU-0425,closed,Kislovodsk Airport,43.9486,42.627,2702,EU,RU,RU-STA,Kislovodsk,no,,,,,,,"Аэропорт Кисловодск, URMK, УРМК"
46353,RU-0426,small_airport,Psebay Airfield,44.110453,40.818844,,EU,RU,RU-KDA,Psebay,no,,,,ZE4B,,,Аэропорт Псебай
46464,RU-0427,heliport,Bugry Helipad,60.0564926747,30.3958761692,,EU,RU,RU-LEN,,no,,,,,,,Вертолётная площадка Бугры
46465,RU-0428,heliport,Osinovaya Roshcha Helipad,60.1020986078,30.2621734142,,EU,RU,RU-SPE,Saint Petersburg,no,,,,,,,Вертолётная площадка Осиновая Роща
46479,RU-0429,small_airport,Morozovo Airstrip,55.3806464897,38.371596336399996,,EU,RU,RU-MOS,Morozovo,no,,,,,,,ВПП Морозово
46488,RU-0430,small_airport,Kamyshin Airport,50.0532536947,45.3695440292,,EU,RU,RU-VGG,Kamyshin,no,,,,,,,Аэропорт Камышин
46649,RU-0431,heliport,Opalikha Traffic Safety Helipad,56.195249,44.120552,280,EU,RU,RU-NIZ,Opalikha,no,,,,H208,,,"Х208, Опаликха"
299693,RU-0432,closed,Karachayevsk Airfield,43.789001,41.911499,2816,EU,RU,RU-KC,Karachayevsk,no,,,,,,,
504970,RU-0433,heliport,Krasnyi Baltiets Heliport,55.486753,35.989126,686,EU,RU,RU-MOS,Krasnyi Baltiets,no,,,,HG5J,,,
315323,RU-0434,closed,Salmiyarvi Airport,69.3296,29.9858,325,EU,RU,RU-MUR,Nikel,no,,,,,,,"ЗЦ3Г, Сальмиярви, ZC3G"
315339,RU-0435,heliport,Anna Heliport,42.8406,132.5705,45,AS,RU,RU-PRI,Anna,no,,,,XHXK,,,"ЬХЬК, Анна"
315344,RU-0436,small_airport,Afipsky Airfield,44.8544,38.8224,92,EU,RU,RU-KDA,Afipsky,no,,,,ZB1Y,,,"ЗБ1Ы, Афипский"
315503,RU-0437,closed,Torbusha Airstrip,56.1475,162.1634,12,AS,RU,RU-KAM,Torbusha,no,,,,,,,
315523,RU-0438,small_airport,Zyryanka West Airport,65.7367,150.705,150,AS,RU,RU-SA,Zyryanka,no,,,,ZCQ6,,https://en.wikipedia.org/wiki/Zyryanka_West_Airport,"ЗЦЯ6, Зырянка (Западный)"
315530,RU-0439,heliport,Guba Gryaznaya Heliport,69.0652,33.2916,15,EU,RU,RU-MUR,Safonovo,no,,,,HCK0,,,"ZEV8, Губа Грязная"
315536,RU-0440,closed,Shonguy Airfield,68.743,33.127,235,EU,RU,RU-MUR,Shonguy,no,,,,,,https://ru.wikipedia.org/wiki/%D0%A8%D0%BE%D0%BD%D0%B3%D1%83%D0%B9,"ZC3F, Аэродром Шонгуй, Shong, Shonguí"
315540,RU-0441,closed,Pyalitsa Airstrip,66.1956,39.55,50,EU,RU,RU-MUR,Pyalitsa,no,,,,,,,"ZC6K, Пялица"
315543,RU-0442,closed,Kashkarantsy Airstrip,66.3454,36.027,50,EU,RU,RU-MUR,Kashkarantsy,no,,,,,,,"ZC6L, Кашкаранцы"
315545,RU-0443,closed,Olenitsa Airfield,66.4695,35.359,60,EU,RU,RU-MUR,Olenitsa,no,,,,,,,"ZC6M, Оленица"
315546,RU-0444,closed,Kuzreka Airport,66.621,34.753,85,EU,RU,RU-MUR,Kuzreka,no,,,,,,,"ZC6N, Кузрека"
315694,RU-0445,small_airport,Aerodrom Tsherskaia,57.633923,28.223795,164,EU,RU,RU-PSK,,no,,,,ZCX8,,,"ЗЦЬ8, Черская"
315696,RU-0446,closed,Emilovo,56.9905827,27.9127502,,EU,RU,RU-PSK,,no,,,,,,,
316245,RU-0447,small_airport,Seredka Airfield,58.142135,28.203349,240,EU,RU,RU-PSK,Seredka,no,,,ULOR,,https://seredka.aero/,,"УЛОР, Середка"
316399,RU-0448,closed,Gurlevo,59.477249,28.89666,299,EU,RU,RU-LEN,Kerstovo,no,,,,,,,Kerstovo East
316496,RU-0449,small_airport,Atsevo,57.0934603,29.7212392,,EU,RU,RU-PSK,,no,,,,,,,
317428,RU-0450,heliport,Poklonnaya Hill Helipad,55.73246,37.519446,481,EU,RU,RU-MOW,Moscow,no,,,,HEY8,,,"ХЕЫ8, Поклонная Гора"
320835,RU-0451,small_airport,Chistyy Airport,55.4856,103.2065,1426,EU,RU,RU-IRK,Chistyy,no,,,,HC0M,,,"ХЦ0М, Чистый"
320836,RU-0452,small_airport,Priboynyy Airport,55.6498,103.2314,1350,EU,RU,RU-IRK,Priboynyy,no,,,,HBO7,,,"ХБО7, Прибойный"
320837,RU-0453,small_airport,Krivolutskaya Airport,55.6112,103.1252,1725,EU,RU,RU-IRK,Karakhun,no,,,,HB85,,,"ХБ85, Карахун"
321213,RU-0454,small_airport,Borskoye Airfield,54.653027,20.993629,70,EU,RU,RU-KGD,Borskoye,no,,,,UMKB,,,"УМКБ, Борское, Vorskoe"
321294,RU-0455,small_airport,Nikulino Airstrip,56.99965,29.815912,,EU,RU,RU-PSK,Nikulino,no,,,,,,,
321899,RU-0456,small_airport,Zhurban Airport,54.1745,127.989703,1388,AS,RU,RU-AMU,Snezhnogorsk,no,,,,ZC8E,,,"ЗЦ8Е, Снежногорский"
321900,RU-0457,small_airport,Khvoynyy Airport,54.6331,127.84425,1347,AS,RU,RU-AMU,Khvoynyy,no,,,,ZB2P,,,"ЗБ2П, Хвойный"
321904,RU-0458,closed,Kakhovka/Romny Airbase,50.8133,129.2167,732,EU,RU,RU-AMU,Kakhovka,no,,,,,,,
321905,RU-0459,small_airport,Kakhovka Airfield,50.80945,129.187,733,AS,RU,RU-AMU,Kakhovka,no,,,,XHBH,,,"ЬХБХ, Каховка"
321906,RU-0460,small_airport,Pozdeevka Airport,50.58205,128.8795,763,AS,RU,RU-AMU,Pozdeevka,no,,,,ZD42,,,"ЗД42, Поздеевка"
321907,RU-0461,small_airport,Amaranka Airfield,50.6947,129.613,694,AS,RU,RU-AMU,Amaranka,no,,,,XHXA,,,"ЬХЬА, Амаранка"
321908,RU-0462,small_airport,Cheremkhovo Airstrip,50.42953,127.77367,590,AS,RU,RU-AMU,Cheremkhovo,no,,,,ZBT3,,,"ЗБТ3, Черемхово"
321947,RU-0463,small_airport,Sorokino Airfield,57.724212,28.240812,161,EU,RU,RU-PSK,,no,,,,XLOR,,,"ЬЛОР, Сорокино"
323214,RU-0464,small_airport,Eldikan Airstrip,60.747856,135.128137,,EU,RU,RU-SA,Eldikan,no,,,UEQL,,,,
323471,RU-0465,small_airport,Novoselovo Airport,55.002535,90.921397,,EU,RU,RU-KYA,Novoselovo,no,,,UNAN,,,,"УНАН, Новоселово"
323472,RU-0466,small_airport,Balakhta Airport,55.361388,91.528933,998,EU,RU,RU-KYA,Balakhta,no,,,,ZBI4,,,"ЗБИ4, Балахта"
323473,RU-0467,small_airport,Krasnoturansk Airport,54.313927,91.521,1258,EU,RU,RU-KYA,Krasnoturansk,no,,,UNAT,UNAT,,,"УНАТ, Краснотуранск"
323474,RU-0468,small_airport,Oktyabrskiy Airport,56.088096,99.40945,861,AS,RU,RU-IRK,Oktyabrskiy,no,,,UINO,UINO,,,"УИНО, Октябрьский"
323475,RU-0469,small_airport,Anash Airport,54.856756,91.061761,1234,AS,RU,RU-KYA,Anash,no,,,,,,,
323478,RU-0470,small_airport,Motygino Airport,58.180921,94.745272,538,AS,RU,RU-KYA,Motygino,yes,,MJY,UNIM,MTG,,,"УНИМ, Мотыгино, МТГ"
323479,RU-0471,small_airport,Novoangarsk Airport,58.127988,93.477721,,EU,RU,RU-KYA,Novoangarsk,no,,,,,,,
323626,RU-0472,small_airport,Lamutskoye Airport,65.538838,168.844848,601,AS,RU,RU-CHU,Lamutskoye,no,,,UHAL,UHAL,,,"УХАЛ, Ламутское"
324208,RU-0473,small_airport,Schloss Waldau Airstrip,54.6920446,20.7462606,0,EU,RU,RU-KGD,,no,,,,,,,
324685,RU-0474,heliport,Vaga River Heliport,61.151632,42.238552,240,EU,RU,RU-ARK,Velsk,no,,,,HFZ9,,,"ХФЗ9, Река Вага"
324812,RU-0475,small_airport,Pricep Airstrip,55.098395,38.00034,,EU,RU,RU-MOS,Lipitino,no,,,,ZCJ6,,,
324864,RU-0476,closed,Tarosovo Airstrip,60.27345,29.27805,144,EU,RU,RU-LEN,Tarosovo,no,,,,,,,"ЗАЯ2, Тарасово, ZAQ2"
324991,RU-0477,heliport,Alexandria Heliport,46.471842,41.562835,134,EU,RU,RU-ROS,Salsk,no,,,,HH8D,,,"ХХ8Д, Александрия"
325004,RU-0478,heliport,Otkritie Arena Heliport,55.815467,37.441405,407,EU,RU,RU-MOW,Tushino,no,,,,HGC5,,,"ХГЦ5, Открыте Арена, Spartak Stadium"
325005,RU-0479,heliport,Tushino Heliport,55.820866,37.420067,419,EU,RU,RU-MOW,Tushino,no,,,,XUUS,,,"ЬУУС, Тушино"
325006,RU-0480,seaplane_base,Volkhov-Most River Runway,59.065209,31.764117,,EU,RU,RU-NGR,Volkhov-Most,no,,,,ZE28,,,
325058,RU-0481,closed,Vrachovo-Gorki Airport,54.923423,39.225971,517,EU,RU,RU-MOS,Vrachovo-Gorki,no,,,,,,,"ЗЕЙ0, Врачово-Горки, ZEJ0"
325059,RU-0482,closed,Seltsy Heliport,54.909708,39.570599,348,EU,RU,RU-RYA,Seltsy,no,,,,,,,"ХА4Л, Сельцы, HA4L"
325861,RU-0483,small_airport,Padinskoye Airstrip,44.844707,43.185901,,EU,RU,RU-STA,Padinskoye,no,,,,,,,
325862,RU-0484,small_airport,Kotovo Airfield,51.3146773,38.0090673,,EU,RU,RU-BEL,Kotovo,no,,,,,,,"kotovo, dosaaf"
326381,RU-0485,closed,Aviator-3 Airfield,55.331223,39.339296,,EU,RU,RU-MOS,Demidovo,no,,,,,,,
326388,RU-0486,closed,Baranikha Airport,68.497585,168.253903,712,AS,RU,RU-CHU,Baranikha,no,,,,,,,"УХМБ, Бараниха, UHMB"
326989,RU-0487,closed,Cherek,43.527152,43.997648,,EU,RU,RU-KB,Cherek,no,,,,,,,
328341,RU-0488,small_airport,Belgorod-Severniy Airstrip,50.657376,36.529791,,EU,RU,RU-BEL,Belgorod,no,,,,,,,
328360,RU-0489,closed,Smirnykh Air Base,49.736042,142.859672,141,AS,RU,RU-SAK,Smirnykh,no,,,,,,https://en.wikipedia.org/wiki/Smirnykh_Air_Base,"ЬХСХ, Смирных, Keton Airfield, XHSH"
35122,RU-0490,small_airport,Zavitinsk Air Base,50.1917,129.503006,906,AS,RU,RU-AMU,Zavitinsk,no,,,,XHBC,,https://en.wikipedia.org/wiki/Zavitinsk_(air_base),"ЬХБЦ, Завити́нск"
328361,RU-0491,closed,Pervomaysk/Zhitnitsa Airfield,49.964669,143.276972,498,EU,RU,RU-SAK,Pervomaysk,no,,,,,,,Первомайск
329766,RU-0492,small_airport,Taldom airstrip,56.7397979,37.6042247,,EU,RU,RU-MOS,Taldom,no,,,,,,,
330384,RU-0493,small_airport,Bichevaya Airport,47.75029,135.64066,361,AS,RU,RU-KHA,Bichevaya,no,,,,ZC2P,,,
330837,RU-0494,closed,Korpiya Airstrip,59.530483,29.331986,510,EU,RU,RU-LEN,Korpiya,no,,,,,,,
330838,RU-0495,closed,Kotly Airfield,59.592083,28.762037,300,EU,RU,RU-LEN,Kotly,no,,,,,,,"XLLT, ЬЛЛТ, Котлы"
330839,RU-0496,closed,Begunitsy Northwest Airfield,59.605536,29.27302,489,EU,RU,RU-LEN,Begunitsy,no,,,,,,,
330840,RU-0497,closed,Golubkovo Airfield,58.558887,29.935358,223,EU,RU,RU-LEN,Golubkovo,no,,,,,,,
330841,RU-0498,closed,Luga Bereg Airstrip,58.672416,29.961654,150,EU,RU,RU-LEN,,no,,,,,,,
330844,RU-0499,closed,Rybezhno West,60.33571,32.93771,140,EU,RU,RU-LEN,Lesozavod,no,,,,,,,
330877,RU-0500,closed,Aleksandrov East Airport,56.403308,39.067037,597,EU,RU,RU-VLA,Aleksandrov,no,,,,,,,
330878,RU-0501,closed,Bogoslovo Airport,56.192328,40.31477,500,EU,RU,RU-VLA,Vladimir,no,,,,,,,
330879,RU-0502,closed,Bolshiye Vsegodichi Airport,56.458041,41.29236,340,EU,RU,RU-VLA,Kovrov,no,,,,,,,
330880,RU-0503,closed,Vtorovo Airport,56.254781,40.811732,410,EU,RU,RU-VLA,Vtorovo,no,,,,,,,Второво
330881,RU-0504,closed,Kameno Airport,56.409669,40.978079,340,EU,RU,RU-VLA,Kameshkovo,no,,,,,,,
330882,RU-0505,closed,Gorokhovets Airport,56.180573,42.668519,500,EU,RU,RU-VLA,Gorokhovets,no,,,,,,,
330883,RU-0506,closed,Danilkovo Airport,56.213543,42.263569,445,EU,RU,RU-VLA,Vyazniki,no,,,,,,,
330884,RU-0507,closed,Paustovo Airfield,56.135622,42.174507,400,EU,RU,RU-VLA,Paustovo,no,,,,,,,
330885,RU-0508,closed,Burtsevo Airstrip,56.151721,43.701272,575,EU,RU,RU-NIZ,Doskino,no,,,,,,,"UWGQ, UWGQ"
330886,RU-0509,closed,Shapkino Airport,56.037273,43.558402,430,EU,RU,RU-NIZ,Troitsa,no,,,,,,,
330887,RU-0510,closed,Krapivye Airport,56.396436,40.338347,410,EU,RU,RU-VLA,Suzdal,no,,,,,,,
330888,RU-0511,small_airport,Nebyloye Airfield,56.401394,39.958137,656,EU,RU,RU-VLA,Zventsovo,no,,,UUIN,,,,"Fedorovskoye,Andreyevskoye"
330889,RU-0512,closed,Tarbayevo Airport,56.296683,40.157771,595,EU,RU,RU-VLA,Staryy Dvor,no,,,,,,,
330891,RU-0513,closed,Turtino Airport,56.368268,40.266128,525,EU,RU,RU-VLA,Vysheslavskoye,no,,,,,,,
330892,RU-0514,small_airport,Orlovka Airfield,56.143813,34.988268,676,EU,RU,RU-YAR,Petrovskoye,no,,,,,,"https://ru.wikipedia.org/wiki/%D0%9E%D1%80%D0%BB%D0%BE%D0%B2%D0%BA%D0%B0_(%D0%B0%D1%8D%D1%80%D0%BE%D0%B4%D1%80%D0%BE%D0%BC,_%D0%",Орловка
330902,RU-0515,closed,Selizharovo Airfield,56.819368,33.328104,735,EU,RU,RU-TVE,,no,,,,,,,
330903,RU-0516,closed,Kusnetsovka Airfield,56.61675,34.517382,794,EU,RU,RU-TVE,Lukovnikovo,no,,,,,,,
330915,RU-0517,small_airport,Bakhta Airport,62.468115,88.998827,102,EU,RU,RU-KYA,Bakhta,no,,,,UNHB,,,"УНХБ, Бахта"
330919,RU-0518,closed,Lebed Airport,62.088049,89.181841,98,EU,RU,RU-KYA,Lebed,no,,,,,,,
330921,RU-0519,small_airport,Poligus Airport,62.002853,94.657168,1121,AS,RU,RU-KYA,Poligus,no,,,,UNJP,,,"УНЙП, Полигус"
330922,RU-0520,closed,Vorogovo Airport,61.038261,89.613805,98,AS,RU,RU-KYA,Vorogovo,no,,,,,,,"УНХВ, Ворогово, UNHW"
331743,RU-0521,small_airport,Visokiy Airstrip,44.7770214,40.8997519,,EU,RU,RU-KDA,,no,,,,,,,
332760,RU-0522,small_airport,Paradrom Pokrov,55.43705,37.626689,,EU,RU,RU-MOW,,no,,,,ZF94,,,
333503,RU-0523,small_airport,Podgornoye Airfield,54.740583,20.726472,-5,EU,RU,RU-KGD,,no,,,,,https://aeroland.club/,,Подгорное
334131,RU-0524,small_airport,Southern Sky Airfield,44.937911,38.929186,,EU,RU,RU-AD,Enem,no,,,,XRKD,,,Southern Sky
335060,RU-0525,small_airport,Beregovoy Airport,54.358554,127.501488,1150,AS,RU,RU-AMU,Zeysky District,no,,,,,,,
335061,RU-0526,small_airport,Fevralsk Airport,52.495787,130.915318,890,AS,RU,RU-AMU,,no,,,UHBF,,,,
335168,RU-0527,small_airport,Byas-Kyuyol Airport,59.498603,119.309163,,AS,RU,RU-SA,,no,,,UEBY,,,,
337766,RU-0529,heliport,Goryachiy Plyazh Heliport,43.999144,145.791761,,AS,RU,RU-SAK,Yuzhno-Kurilsk,no,,,,,,,UYUN
337767,RU-0530,heliport,Tanfiliev Heliport,43.443772,145.927682,,EU,RU,RU-SAK,Yuzhno-Kurilsk,no,,,,,,,
337768,RU-0531,heliport,Anuchina Heliport,43.369429,146.001622,,EU,RU,RU-SAK,Yuzhno-Kurilsk,no,,,,,,,
337769,RU-0532,heliport,Malokurilskoye Heliport,43.86641,146.82758,,EU,RU,RU-SAK,Malokurilskoye,no,,,,,,,
337770,RU-0533,heliport,Krabozavodskoye Heliport,43.8311,146.7592,33,AS,RU,RU-SAK,Krabozavodskoye,no,,,,,,,
337773,RU-0534,heliport,Golovnino Heliport,43.738081,145.515891,23,AS,RU,RU-SAK,Golovnino,no,,,,,,,
337875,RU-0535,heliport,Old Vladivostok Airfield Heliport,43.21047,131.94238,89,AS,RU,RU-PRI,Vladivostok,no,,,,,,,
337876,RU-0536,closed,Old Vladivostok Airfield,43.207285,131.938692,,AS,RU,RU-PRI,Vladivostok,no,,,,,,,UULEP
337877,RU-0537,heliport,Ozyornye Klyuchi (Lake Springs) Airfield,43.369701,132.148241,,AS,RU,RU-PRI,Artyom,no,,,,,,,
337878,RU-0538,small_airport,Nikolayevka Air Base,43.085608,133.190505,180,AS,RU,RU-PRI,Nikolayevka,no,,,,XHWE,,,"ЬХВЕ, Николаевка"
337879,RU-0539,small_airport,Baranovskiy Airfield,43.751678,132.007553,147,EU,RU,RU-PRI,Ussuriysk,no,,,,,,,
337881,RU-0540,small_airport,Sysoyevka Airfield,44.20964,133.36596,,EU,RU,RU-PRI,Sysoyevka,no,,,,,,,
337882,RU-0541,closed,Sergeyevka Landing Strip,43.30879,133.34868,,EU,RU,RU-PRI,Yuzhnaya Sergeyevka,no,,,,,,,
337883,RU-0542,closed,Varfolomeyevka Southwest Airfield,44.28045,133.41152,,EU,RU,RU-PRI,Varfolomeyevka,no,,,,,,,
338091,RU-0543,small_airport,Tempa Airfield,75.76713,137.576637,3,EU,RU,RU-SA,Kotelny Island,no,,,,,,,Темп
339634,RU-0544,heliport,Vilkovo Heliport,52.91767,158.50325,,AS,RU,RU-KAM,Vilkovo,no,,,,,,,
339635,RU-0545,heliport,Cape Mayachnyy Heliport,52.887324,158.704548,,AS,RU,RU-KAM,Petropavlovsk-Kamchatskiy,no,,,,,,,
339636,RU-0546,heliport,Vityaz'-Aero Heliport,53.042368,158.311808,,AS,RU,RU-KAM,Nikolayevka,no,,,,,,,UPAU
339637,RU-0547,heliport,Pauzhetskaya Power Station Heliport,51.46422,156.80941,375,AS,RU,RU-KAM,Pauzhetka,no,,,,,,,
339638,RU-0548,small_airport,Ozernovskiy Airport,51.49929,156.54339,,AS,RU,RU-KAM,Ozernovskiy,no,,,UHQO,,,,"Zaporozh'ye, UHQO"
339639,RU-0549,heliport,Oktyabr'skiy Heliport,52.67295,156.23486,17,AS,RU,RU-KAM,Oktyabr'skiy,no,,,,,,,
339640,RU-0550,heliport,Ust'-Bol'sheretsk Emergency Heliport,52.82646,156.28934,,AS,RU,RU-KAM,Ust'-Bol'sheretsk,no,,,,,,,
339641,RU-0551,heliport,Koryaki Heliport,53.25887,158.21443,,AS,RU,RU-KAM,Koryaki,no,,,,UHPC,,,УХПЦ. PP42
339642,RU-0552,heliport,Mayskoye Heliport,56.25203,160.071129,88,AS,RU,RU-KAM,Mayskoye,no,,,,,,,
339643,RU-0553,heliport,Ust'-Kamchatsk Regional Hospital Heliport,56.26335,162.59388,,AS,RU,RU-KAM,Ust'-Kamchatsk,no,,,,,,,
339647,RU-0554,heliport,Kamenskoye Heliport,62.470364,166.19533,222,AS,RU,RU-KAM,Kamenskoye,no,,,UHPZ,,,,"УХПЗ, Каменское"
339648,RU-0555,small_airport,Takhtoyamsk Airport,60.194321,154.674325,,AS,RU,RU-MAG,Takhtoyamsk,no,,,,,,,
339649,RU-0556,closed,Magadan-47 Airport,59.91388,150.88527,,AS,RU,RU-MAG,Magadan,no,,,,,,,
339650,RU-0557,small_airport,Inya Airport,59.39879,144.82051,26,AS,RU,RU-KHA,Inya,no,,,UHOQ,,,,"УХОЯ, Иня"
339651,RU-0558,small_airport,Tukchi Airport,57.35506,139.49783,,AS,RU,RU-KHA,Tukchi,no,,,UHOI,,,https://es.wikipedia.org/wiki/Tukchi,
339652,RU-0559,small_airport,Kiran Airport,55.01798,135.40866,,EU,RU,RU-KHA,Kiran,no,,,UHNI,,,,
339654,RU-0560,closed,Pionery Airport,47.28947,142.00005,,EU,RU,RU-SAK,Kostromskoye,no,,,,,,,Konotoro Airfield
339655,RU-0561,heliport,Cape Krillon Heliport,45.89781,142.0826,,EU,RU,RU-SAK,Taranay,no,,,,,,,
339934,RU-0562,heliport,Sakhalin-1 Oil Terminal Helipad,51.48697,140.82619,,EU,RU,RU-KHA,De-Kastri,no,,,,,,,
339937,RU-0563,heliport,Vanino Heliport,49.094615,140.272795,,EU,RU,RU-KHA,Vanino,no,,,,,,,
339938,RU-0564,closed,Sovetskaya Gavan (Znamenskoye) Airport,48.97784,140.32358,,EU,RU,RU-KHA,Sovetskaya Gavan,no,,,,,,,
339940,RU-0565,small_airport,Maksimovka Airstrip,46.09133,137.89901,,EU,RU,RU-PRI,Maksimovka,no,,,,,,,
339941,RU-0566,heliport,Malaya Kema Heliport,45.41223,137.16077,,EU,RU,RU-PRI,Malaya Kema,no,,,,,,,
339942,RU-0567,heliport,Kamenka Heliport,44.45472,136.00023,,EU,RU,RU-PRI,Kamenka,no,,,,,,,
339943,RU-0568,heliport,Olga Heliport,43.75547,135.31572,,EU,RU,RU-PRI,Olga,no,,,,,,,
339944,RU-0569,heliport,Milogradovo Heliport,43.30381,134.60221,,EU,RU,RU-PRI,Milogradovo,no,,,,,,,
339946,RU-0570,heliport,Khasanskaya Central Regional Hospital Helipad,42.85598,131.40188,,AS,RU,RU-PRI,Slavyanka,no,,,,,,,
339947,RU-0571,heliport,Russkiy Island Heliport,43.03142,131.88014,266,AS,RU,RU-PRI,Russkiy,no,,,,,,,U17QN
339948,RU-0572,heliport,Far Eastern Federal University (DVFU) Campus Helipad,43.030038,131.893051,13,AS,RU,RU-PRI,Russkiy,no,,,,,,,UZHBJ
339949,RU-0573,heliport,Far Eastern Federal University (DVFU) Medical Center Helipad,43.02247,131.89309,233,AS,RU,RU-PRI,Russkiy,no,,,,,,,U8CM9
339950,RU-0574,heliport,Pos'et Heliport,42.65686,130.78535,,AS,RU,RU-PRI,Pos'et,no,,,,,,,
340082,RU-0575,closed,Kashiwabara Airfield,50.703954,156.126776,,AS,RU,RU-SAK,Severo-Kurilsk,no,,,,,,,Kashiwabara Airfield
340083,RU-0576,heliport,Severo-Kurilsk Heliport,50.671087,156.123859,57,AS,RU,RU-SAK,Severo-Kurilsk,no,,,,HC48,,,"ХЦ48, Се́веро-Кури́льск"
340084,RU-0577,closed,Baykovo Airport,50.72504,156.20636,,AS,RU,RU-SAK,Baykovo,no,,,,,,,"Kataoka Airfield, Imaizaki Airfield, USEM"
340085,RU-0578,closed,Miyoshino Airfield,50.70847,156.3168,,AS,RU,RU-SAK,Baykovo,no,,,,,,,USEJ
340316,RU-0579,small_airport,Gostagayevskaya Airfield,44.999984,37.482398,295,EU,RU,RU-KDA,Gostagayevskaya,no,,,,ZF4W,,,
340317,RU-0580,small_airport,Borodinskaya Airstrip,46.0928,38.2347,,EU,RU,RU-KDA,Borodinskaya,no,,,,,,,
340318,RU-0581,small_airport,Yasenskaya Airstrip,46.3927,38.2848,,EU,RU,RU-KDA,Yasenskaya,no,,,,,,,
340319,RU-0582,small_airport,Oktyabr'skiy Airstrip,46.4636,38.2878,,EU,RU,RU-KDA,Oktyabr'skiy,no,,,,,,,
340320,RU-0583,small_airport,Zarya Airstrip,46.4812,38.1347,,EU,RU,RU-KDA,Dalniy,no,,,,,,,
340321,RU-0584,small_airport,Kamyshevatskaya Airstrip,46.4665,37.9568,,EU,RU,RU-KDA,Kamyshevatskaya,no,,,,,,,
340322,RU-0585,small_airport,Komsomolets Airstrip,46.5809,38.2255,,EU,RU,RU-KDA,Komsomolets,no,,,,,,,
340323,RU-0586,heliport,Molchanovka Heliport,46.864818,38.632287,,EU,RU,RU-KDA,Molchanovka,no,,,,,,,
340609,RU-0587,closed,Musashi Naval Airfield,50.015709,155.398248,36,AS,RU,RU-SAK,Severo-Kurilsk,no,,,,,,,"Cape Kurabu, Cape Vasiliev"
35049,RU-0588,small_airport,Orlovka Air Base,51.263302,128.720001,850,AS,RU,RU-AMU,Vernoye,no,,,XHBO,,,https://en.wikipedia.org/wiki/Orlovka,"ЗА9В, Орловка, ZA9W"
340611,RU-0589,closed,Bettobi Airfield,50.856451,156.469705,62,AS,RU,RU-SAK,Baykovo,no,,,,,,,
340612,RU-0590,closed,Okeanskoye Airfield,50.189515,155.758625,56,AS,RU,RU-SAK,Severo-Kurilsk,no,,,,,,,"Suribachi Airfield, USEU"
340613,RU-0591,closed,Kitanodai Airfield,50.74971,156.131819,,AS,RU,RU-SAK,Severo-Kurilsk,no,,,,,,,
340614,RU-0592,closed,Kakumabetsu Airfield,50.357953,155.560735,,AS,RU,RU-SAK,Severo-Kurilsk,no,,,,,,,
340615,RU-0593,small_airport,Matua Airfield,48.050982,153.25502,203,AS,RU,RU-SAK,Sarychevo,no,,,,,,,"Matsuwa, Cape Tagan, USEK"
340676,RU-0594,closed,Shiomi Airfield,50.760778,156.205222,,AS,RU,RU-SAK,Baykovo,no,,,,,,,
340677,RU-0595,closed,Ryponkicha Emergency Airfield,47.541208,152.84058,,AS,RU,RU-SAK,Ryponkicha Island,no,,,,,,,"Ushichi-Kitajima, Severo-Ushishir"
340678,RU-0596,closed,Shana Emergency Landing Field,45.226194,147.894278,21,AS,RU,RU-SAK,Kurilsk,no,,,,,,,
340679,RU-0597,closed,Simushir Heliport,47.129981,152.269344,172,AS,RU,RU-SAK,Kraternyy,no,,,,,,,Shimushiru Airfield
340680,RU-0598,closed,Toshimoe Naval Floatplane Base,45.017699,147.720139,11,AS,RU,RU-SAK,Kurilsk,no,,,,,,,
340681,RU-0599,closed,Yakutori Naval Airfield,45.305854,148.392193,469,AS,RU,RU-SAK,Kurilsk,no,,,,,,,
340790,RU-0600,small_airport,Ivashka Airport,58.571046,162.304749,20,AS,RU,RU-KAM,Ivashka,no,,,,ZCH6,,,"ЗЦХ6, Ивашка, PP11"
340791,RU-0601,heliport,Tilichiki Heliport,60.442861,166.097933,351,AS,RU,RU-KAM,Tilichiki,no,,,,,,,
340792,RU-0602,heliport,Achayvayam Heliport,61.011202,170.508699,277,AS,RU,RU-KAM,Achayvayam,no,,,UHPJ,,,,
340793,RU-0603,small_airport,Anadyr Airfield,64.720087,177.46323,66,AS,RU,RU-CHU,Anadyr,no,,,,,,,
340794,RU-0604,closed,Old Uelkal Airstrip,65.511568,-179.30817,16,AS,RU,RU-CHU,Uelkal,no,,,,,,,"UHDX, УХДЬ"
340795,RU-0605,small_airport,Uelkal Airstrip,65.530823,-179.287263,,EU,RU,RU-CHU,Uelkal,no,,,,,,,
340796,RU-0606,heliport,Yanrakynnot Heliport,64.912535,-172.502671,,EU,RU,RU-CHU,Yanrakynnot,no,,,,,,,
340797,RU-0607,heliport,Lorino Heliport,65.505323,-171.713924,,EU,RU,RU-CHU,Lorino,no,,,,,,,
340798,RU-0608,heliport,Uelen Heliport,66.164446,-169.850957,,EU,RU,RU-CHU,Uelen,no,,,,,,,
340799,RU-0609,heliport,Neshkan Heliport,67.03433,-172.959268,,EU,RU,RU-CHU,Neshkan,no,,,,,,,
340800,RU-0610,heliport,Nutelpel'men Heliport,67.424909,-174.92949,,EU,RU,RU-CHU,Nutepel'men,no,,,,,,,
340801,RU-0611,heliport,Leningradskiy Heliport,69.368146,178.406343,,AS,RU,RU-CHU,Leningradskiy,no,,,,,,,
340802,RU-0612,heliport,Ratmanov (Big Diomede) Heliport,65.810138,-169.029421,,EU,RU,RU-CHU,Ratmanov,no,,,,,,,
340803,RU-0613,closed,Ratmanov (Big Diomede) Improvised Airstrip,65.791966,-169.039655,,EU,RU,RU-CHU,Ratmanov,no,,,,,,,
340808,RU-0614,small_airport,Nayba Airfield,70.844976,130.68745,,EU,RU,RU-SA,Nayba,no,,,,,,,
340809,RU-0615,heliport,Bykovsky Heliport,72.007309,129.109356,,EU,RU,RU-SA,Bykovsky,no,,,,,,,
340810,RU-0616,small_airport,Taymylyr Airstrip,72.607271,121.893179,,EU,RU,RU-SA,Taymylyr,no,,,,,,,
340811,RU-0617,small_airport,Syndassko Airstrip,73.249726,108.206176,,EU,RU,RU-KYA,Syndassko,no,,,,,,,
340812,RU-0618,heliport,Dikson Helipad (Old),73.504881,80.535126,,AS,RU,RU-KYA,Dikson,no,,,,,,,"Yenisey Gulf, Port"
340813,RU-0619,heliport,Baykalovsk Heliport,70.697986,83.62017,,EU,RU,RU-KYA,Baykalovsk,no,,,,,,,
340814,RU-0620,heliport,Vorontsovo Heliport,71.695235,83.562726,,EU,RU,RU-KYA,Vorontsovo,no,,,,,,,
340815,RU-0621,heliport,Munguy Heliport,70.434235,83.76523,,EU,RU,RU-KYA,Munguy,no,,,,,,,
340816,RU-0622,heliport,Nosok Heliport,70.166814,82.337917,79,AS,RU,RU-KYA,Nosok,no,,,,UOOS,,,"УООС, Носок"
340817,RU-0623,heliport,Karaul Heliport,70.072471,83.185602,,EU,RU,RU-KYA,Karaul,no,,,,,,,
340818,RU-0624,heliport,Ust'-Port Heliport,69.667903,84.411688,,EU,RU,RU-KYA,Ust'-Port,no,,,,,,,
340819,RU-0625,heliport,Levinskiye Peski Heliport,69.472377,85.999973,,EU,RU,RU-KYA,Levinskiye Peski,no,,,,,,,
340820,RU-0626,heliport,Dudinka Heliport,69.434593,86.175939,269,AS,RU,RU-KYA,Dudinka,no,,,,HDT6,,,"ХДТ6, Дудинка"
340821,RU-0627,heliport,Igarka North Heliport,67.496284,86.571496,,EU,RU,RU-KYA,Igarka,no,,,,,,,
340822,RU-0628,heliport,Goroshikha Heliport,66.395251,87.506469,,EU,RU,RU-KYA,Goroshikha,no,,,,,,,
340823,RU-0629,heliport,Staroturukhansk Airfield,65.915277,87.578695,53,AS,RU,RU-KYA,Staroturukhansk,no,,,,UOTS,,,"УОТС, Старый Туруханск"
340824,RU-0630,small_airport,Kostino Airstrip,65.322665,87.97587,,EU,RU,RU-KYA,Kostino,no,,,,,,,
340825,RU-0631,heliport,Baklanikha Heliport,64.444785,87.548826,,EU,RU,RU-KYA,Baklanikha,no,,,,,,,
340826,RU-0632,heliport,Vereshchagino Heliport,64.237358,87.576358,,EU,RU,RU-KYA,Vereshchagino,no,,,,,,,
340827,RU-0633,heliport,Bakhta Heliport,62.466369,89.002518,130,AS,RU,RU-KYA,Bakhta,no,,,,,,,
340828,RU-0634,small_airport,Vereshchagino Airport,64.235903,87.576178,,EU,RU,RU-KYA,Vereshchagino,no,,,,,,,
340829,RU-0635,heliport,Verkhneimbatsk Heliport,63.156344,87.969867,,EU,RU,RU-KYA,Verkhneimbatsk,no,,,,,,,
340830,RU-0636,small_airport,Naparino Airport,60.146822,90.472639,,EU,RU,RU-KYA,Naparino,no,,,,,,,
340831,RU-0637,small_airport,Nazimovo Airstrip,59.524164,90.917114,,EU,RU,RU-KYA,Nazimovo,no,,,,,,,
340832,RU-0638,heliport,Yeniseysk Heliport,58.505238,92.044251,,EU,RU,RU-KYA,Yeniseysk,no,,,,,,,
340836,RU-0639,small_airport,Voznesenka Airfield,56.032263,93.248872,,EU,RU,RU-KYA,Berezovka,no,,,,,,,
340837,RU-0640,heliport,Tatyshev Heliport,56.03269,92.94308,,EU,RU,RU-KYA,Krasnoyarsk,no,,,,,,,
341604,RU-0641,heliport,Sayanaero Heliport,53.65735,91.57505,889,AS,RU,RU-KYA,Selivanikha,no,,,,HD9N,,,"ХФ97, Abakan Aerosoyuz"
341605,RU-0642,heliport,Krasnoyarsk Regional Clinical Hospital Helipad,56.02623,92.915,,EU,RU,RU-KYA,Krasnoyarsk,no,,,,,,,
341606,RU-0643,heliport,Tulun Heliport,54.54485,100.5931,,EU,RU,RU-IRK,Tulun,no,,,,,,,
341607,RU-0644,heliport,Erzin Heliport,50.24946,95.15788,,EU,RU,RU-TY,Erzin,no,,,,,,,
341608,RU-0645,small_airport,Kyzyl-Mazhalyk Airport,51.14266,90.58967,,EU,RU,RU-TY,Kyzyl-Mazhalyk,no,,,UNKD,UNKD,,,"УНКД, Кызыл-Мажалык"
341609,RU-0646,heliport,Barnaul Emergency Helipad,53.32161,83.81236,,AS,RU,RU-ALT,Barnaul,no,,,,,,,
341610,RU-0647,heliport,Chany Heliport,55.32471,76.7986,,EU,RU,RU-NVS,Chany,no,,,,,,,
341649,RU-0648,heliport,Korotchayevo Vertodrome,65.947595,78.166462,,EU,RU,RU-YAN,Korotchayevo,no,,,,,,,
341650,RU-0649,heliport,Tarko-Sale Vertodrome,64.86025,77.72166,,EU,RU,RU-YAN,Tarko-Sale,no,,,,,,,
341651,RU-0650,heliport,Severnyy Vertodrome,61.071441,76.12111,,EU,RU,RU-KHM,Megion,no,,,,,,,
341652,RU-0651,heliport,Sergino Vertodrome,62.53807,65.60466,,EU,RU,RU-KHM,Priobye,no,,,,,,,
341653,RU-0652,heliport,Andra Vertodrome,62.53916,65.96273,,EU,RU,RU-KHM,Andra,no,,,,,,,
341654,RU-0653,heliport,Andra Emergency Heliport,62.54921,65.95495,,EU,RU,RU-KHM,Andra,no,,,,,,,
341655,RU-0654,heliport,Usinsk Vertodrome,66.03183,57.60063,,EU,RU,RU-KO,Usinsk,no,,,,,,,
341656,RU-0655,heliport,Devyatkino Vertodrome,60.06033,30.41631,,EU,RU,RU-LEN,St. Petersburg,no,,,,,,,
341657,RU-0656,heliport,Voronezh Dairy Helipad,51.69251,39.13949,,EU,RU,RU-VOR,Voronezh,no,,,,HJU2,,,"Vkusnoteevo,Вкуснотеево"
341658,RU-0657,heliport,Topki Heliport,53.33984,39.58225,,EU,RU,RU-LIP,Topki,no,,,,,,,
341659,RU-0658,heliport,Karnalit Helipad,45.92567,142.06962,,EU,RU,RU-SAK,Taranay,no,,,,,,,
341660,RU-0659,heliport,Gastello Heliport,49.108918,142.93465,,EU,RU,RU-SAK,Gastello,no,,,,,,,
341661,RU-0660,heliport,Smirnykh Heliport,49.755209,142.848413,,EU,RU,RU-SAK,Smirnykh,no,,,,,,,
341662,RU-0661,heliport,Palevo Heliport,50.62999,142.724157,,AS,RU,RU-SAK,Palevo,no,,,,,,,Палево
341663,RU-0662,heliport,Chayvo BKP Heliport (New),52.506064,143.17048,16,AS,RU,RU-SAK,Chayvo,no,,,,,,,"Oil & Gas, Exxon Neftegas, HELIOPS, Chayvo field Onshore Processing Facility (OPF/BKP), Sakhalin-I project, New 2015"
341664,RU-0663,closed,Cape Lopatka Airfield,50.87465,156.66111,74,AS,RU,RU-KAM,Ozernovskiy,no,,,,,,,
341693,RU-0664,heliport,Pobedy Park Heliport,56.329755,44.032597,,EU,RU,RU-NIZ,Nizhny Novgorod,no,,,,,,,
341694,RU-0665,heliport,Heliport Hotel,56.299636,44.056887,,EU,RU,RU-NIZ,Nizhny Novgorod,no,,,,,,,
341695,RU-0666,heliport,Nizhny Novgorod Emergency Ministry Heliport,56.288832,44.119956,,EU,RU,RU-NIZ,Nizhny Novgorod,no,,,,,,,
341696,RU-0667,heliport,Zimenki Heliport,56.156272,44.251689,,EU,RU,RU-NIZ,Zimenki,no,,,,,,,
341824,RU-0668,closed,Ogodzha Airfield,52.771507,132.569455,,EU,RU,RU-AMU,Ogodzha,no,,,,,,,
341825,RU-0669,closed,Old Abyy Airfield,68.4033,145.0467,,AS,RU,RU-SA,Abyy,no,,,,,,,Абый
341826,RU-0670,closed,Andryushino Airport,59.23575,62.971196,,EU,RU,RU-SVE,Andryushino,no,,,,,,,
341827,RU-0671,closed,Arkhangelsk / Keg Ostrov Airfield,64.537374,40.453422,,EU,RU,RU-ARK,Arkhangelsk,no,,,,,,,"ZC38, ZC38"
341828,RU-0672,small_airport,Armavir / Krasnaya Polyana Airfield,45.053223,41.088352,,EU,RU,RU-KDA,Krasnaya Polyana,no,,,,,,,
341829,RU-0673,closed,Artemovsky Airfield,57.370061,61.9017,,EU,RU,RU-SVE,Artemovsky,no,,,,,,,
341830,RU-0674,small_airport,Arti Airfield,56.444921,58.521575,,EU,RU,RU-SVE,Arti,no,,,,,,,
341831,RU-0675,closed,Avdeyevka Airfield,45.181713,133.335,312,EU,RU,RU-PRI,Rodnikovoye,no,,,,,,,
341832,RU-0676,small_airport,Ayanka Airport,63.709269,167.584196,295,AS,RU,RU-KAM,Ayanka,no,,,,,,,
341833,RU-0677,closed,Former Klyuchi Air Base,56.253135,161.033881,,AS,RU,RU-KAM,Klyuchi,no,,,,,,,
341834,RU-0678,heliport,Atlasovskoye Helipad,55.606168,159.625459,182,AS,RU,RU-KAM,Atlasovskoye,no,,,,,,,
342072,RU-0679,closed,Bakhanay Airfield,66.007194,123.626958,,EU,RU,RU-SA,Bakhanay,no,,,,,,,
350070,RU-0680,closed,Cape Baranova Ice Base,79.28389,101.772999,,AS,RU,RU-KYA,Stantsiya,no,,,,,,,"Russia, military, ice, base, Stantsiya, Baranova"
342075,RU-0681,closed,Okhotsk East Airfield,59.37879,143.277546,3,EU,RU,RU-KHA,Okhotsk,no,,,,,,,
342077,RU-0682,closed,Baykalovo Airport,57.4,63.74,297,EU,RU,RU-SVE,Baykalovo,no,,,,,,,
342079,RU-0683,closed,Bestuzhevo Airstrip,61.5929,43.9428,317,EU,RU,RU-ARK,Berezhnaya,no,,,,,,,
342080,RU-0684,closed,Bilibino Airfield,68.0449,166.4134,1401,AS,RU,RU-CHU,Bilibino,no,,,,,,,
342081,RU-0685,small_airport,Bolshaya Pyssa Airfield,64.1694,48.8127,250,EU,RU,RU-KO,Bolshaya Pyssa,no,,,,,,,
342083,RU-0686,small_airport,Borovsky Airfield,57.035,65.745,,EU,RU,RU-TYU,Borovsky,no,,,,,,,
342085,RU-0687,closed,Bukhta Ruddera Airfield,65.3998,-175.8405,89,EU,RU,RU-CHU,Enmelen,no,,,,,,,"Bukhta Rudder, Rudder River"
342086,RU-0688,small_airport,Buor-Sysy Airstrip,66.4773,143.0463,617,AS,RU,RU-SA,Buor-Sysy,no,,,,ZC7P,,,"ЗЦ7П, Буор-Сысы"
342087,RU-0689,small_airport,Chekunda Airfield,50.871569,132.302213,,EU,RU,RU-KHA,Chekunda,no,,,,,,,
342088,RU-0690,small_airport,Chernaya Rechka Airfield,56.9417,65.2417,269,EU,RU,RU-TYU,Chernaya Rechka,no,,,,,,,
342257,RU-0691,heliport,Samburg Heliport,66.99902,78.20849,23,EU,RU,RU-YAN,Samburg,no,,,,,,,
342258,RU-0692,heliport,Nakhodka Heliport,67.72256,77.55804,104,EU,RU,RU-YAN,Nakhodka,no,,,,,,,
342259,RU-0693,heliport,Agan Heliport,61.63674,75.09714,154,EU,RU,RU-KHM,Agan,no,,,,,,,
342260,RU-0694,heliport,Langepas Heliport,61.25431,75.2014,154,EU,RU,RU-KHM,Langepas,no,,,,,,,
342261,RU-0695,heliport,Vampugol Heliport,60.8595,76.61006,131,EU,RU,RU-KHM,Vampugol,no,,,,,,,
342262,RU-0696,heliport,Bylino Heliport,60.7475,76.81353,138,EU,RU,RU-KHM,Bylino,no,,,,,,,
342263,RU-0697,heliport,Severnyy Heliport,60.67853,77.17928,152,EU,RU,RU-TOM,Severnyy,no,,,,,,,
342264,RU-0698,heliport,Lukashkin Yar Heliport,60.32713,78.38672,148,EU,RU,RU-TOM,Lukashkin Yar,no,,,,,,,
342265,RU-0699,heliport,Nazino Heliport,60.12295,78.95242,153,EU,RU,RU-TOM,Nazino,no,,,,,,,
342266,RU-0700,heliport,Oktyabr'skiy Heliport,59.4846,79.3952,262,EU,RU,RU-TOM,Oktyabr'skiy,no,,,,,,,
342267,RU-0701,heliport,Vertikos Heliport,59.37987,79.67266,290,EU,RU,RU-TOM,Vertikos,no,,,,,,,
342268,RU-0702,heliport,Ust'-Tym Heliport,59.4339,80.025,171,EU,RU,RU-TOM,Ust'-Tym,no,,,,,,,
342269,RU-0703,small_airport,Parabel Airport,58.70748,81.46433,177,AS,RU,RU-TOM,Parabel,no,,,,,,,
342270,RU-0704,heliport,Chazhemto Heliport,58.04172,82.80627,252,EU,RU,RU-TOM,Chazhemto,no,,,,,,,
342271,RU-0705,heliport,Molchanovskaya NPS Heliport,57.5629,83.7088,344,EU,RU,RU-TOM,Molchanovo,no,,,,,,,
342272,RU-0706,heliport,Molchanovo Heliport,57.5612,83.7894,349,EU,RU,RU-TOM,Molchanovo,no,,,UNLO,,,,"УНЛО, Молчаново"
342273,RU-0707,heliport,Chnyrrakh Heliport,53.08422,140.87415,,EU,RU,RU-KHA,Chnyrrakh,no,,,,,,,
342665,RU-0708,small_airport,Belogorsk Airstrip,50.8937,128.47338,561,AS,RU,RU-AMU,Belogorsk,no,,,,,,,
342724,RU-0709,small_airport,Mayorskiy Airstrip,47.07512,42.01812,,EU,RU,RU-ROS,,no,,,,ZF5D,,,
342858,RU-0710,small_airport,Kalachevo Airfield,54.762,73.3115,298,EU,RU,RU-OMS,Kalachevo,no,,,,,,,
342861,RU-0711,closed,Krasnoufimsk Airfield,56.678678,57.810662,706,AS,RU,RU-SVE,Pridannikovo,no,,,,,,,
342865,RU-0712,small_airport,Lugovskoye Airfield,57.982,55.71028,341,EU,RU,RU-PER,Krasny Voskhod,no,,,,,,,
342866,RU-0713,small_airport,Krasny Voskhod South Airfield,57.9779,55.71143,341,EU,RU,RU-PER,Krasny Voskhod,no,,,,,,,
342867,RU-0714,small_airport,Mylniki Airfield,57.39187,56.88028,634,EU,RU,RU-PER,Kungur,no,,,,,,,
342868,RU-0715,small_airport,Byvshaya Airfield,58.13804,52.57068,541,EU,RU,RU-UD,Glazov,no,,,,,,,
343276,RU-0716,heliport,Kizhi helipad,62.076514,35.226102,,EU,RU,RU-KR,Kizhi,yes,,,,,,,
343473,RU-0717,small_airport,Utrenniy Airport,71.011405,74.259759,207,EU,RU,RU-YAN,Arctic LNG 2 project - Utrenneye gas field,no,,,,USDM,,,"Oil & Gas, NOVATEK, УСДМ, Утренний"
343513,RU-0718,closed,Toyohara Airfield,46.92211,142.72854,86,EU,RU,RU-SAK,Yuzhno-Sakhalinsk,no,,,,,,,
343514,RU-0719,small_airport,Onor Airfield,50.19164,142.7426,513,AS,RU,RU-SAK,Onor,no,,,,,,,
343515,RU-0720,closed,Gastello Airfield,49.11047,142.95714,52,EU,RU,RU-SAK,Gastello,no,,,,,,,Nairo Airfield
343516,RU-0721,closed,Simushir South Airfield,47.10546,152.23081,112,AS,RU,RU-SAK,Kraternyy,no,,,,,,,
343517,RU-0722,closed,Simushir North Airfield,47.12757,152.27241,157,AS,RU,RU-SAK,Kraternyy,no,,,,,,,
346614,RU-0723,small_airport,Novokemskii Airstrip,60.33815,37.24933,,EU,RU,RU-VLG,,no,,,,,,,
346615,RU-0724,small_airport,Zubovo Airstrip,60.32048,37.02119,,EU,RU,RU-VLG,,no,,,,,,,
346934,RU-0725,heliport,Konergino Heliport,65.907884,-178.870034,3,AS,RU,RU-CHU,Konergino,no,,,,UHDK,,,"УХДК, Конергино"
346935,RU-0726,heliport,Alkatvaam Heliport,63.127587,179.023771,244,AS,RU,RU-CHU,Alkatvaam,no,,,,HFA0,,,"ХФА0, Алькатваам"
346936,RU-0727,small_airport,Khailino Airport,60.95206,166.83801,180,AS,RU,RU-KAM,Khailino,no,,,,UHPF,,,"УХПФ, Хаилино"
346937,RU-0728,small_airport,Ust-Bolsheretsk Highway Airstrip,52.8533,156.3467,5,AS,RU,RU-KAM,Ust'-Bol'sheretsk,no,,,,UHPB,,,
346938,RU-0729,small_airport,Apuka Airport,60.43932,169.62441,,AS,RU,RU-KAM,Apuka,no,,,,,,,
346939,RU-0730,small_airport,Sredny Pakhachi Airport,60.81718,169.07555,,AS,RU,RU-KAM,Sredny Pakhachi,no,,,,,,,
346940,RU-0731,heliport,Il'pyrskoye Heliport,59.96632,164.20118,14,AS,RU,RU-KAM,Il'pyrskoye,no,,,,HD03,,,ХД03
346941,RU-0732,heliport,Vyvenka Heliport,60.18471,165.45503,,AS,RU,RU-KAM,Vyvenka,no,,,,,,,
346942,RU-0733,closed,Nikolayevka-1 Airfield,53.043741,158.303831,,AS,RU,RU-KAM,Nikolayevka,no,,,,,,,UPAB
346943,RU-0734,small_airport,Nikolayevka Airport,53.048854,158.312513,,AS,RU,RU-KAM,Nikolayevka,no,,,,,,,UPAK
346944,RU-0735,closed,Karymay Airport,53.02156,156.71421,224,AS,RU,RU-KAM,Kavalerskoye,no,,,,,,,ZCM1
346946,RU-0736,heliport,Krutogorovskiy Heliport,55.018358,155.592028,21,AS,RU,RU-KAM,Krutogorovskiy,no,,,,,,,
346947,RU-0737,heliport,Talovka Heliport,62.049441,166.700885,216,AS,RU,RU-KAM,Talovka,no,,,,,,,
346948,RU-0738,small_airport,Garmanda Airport,62.18334,159.08894,,AS,RU,RU-MAG,Garmanda,no,,,,,,,UEVE
346994,RU-0739,closed,Kremovo-1 Air Base,44.01545,132.21401,344,AS,RU,RU-PRI,Novoshakhtinsky,no,,,,,,,
346995,RU-0740,closed,Ignat'yevka Airport,46.39632,134.0939,285,EU,RU,RU-PRI,Ignat'yevka,no,,,,,,,
346996,RU-0741,heliport,Bikin Heliport,46.80673,134.28723,341,EU,RU,RU-PRI,Bikin,no,,,,HD6V,,,
346997,RU-0742,small_airport,Dinamo Airport,48.43709,135.14229,190,EU,RU,RU-KHA,Khabarovsk,no,,,,,,,Khabarovsk Krai DOSAAF Aeroclub
346998,RU-0743,small_airport,Khabarovsk Tsentralny Airfield,48.46262,135.15165,190,AS,RU,RU-KHA,Khabarovsk,no,,,,,,https://en.wikipedia.org/wiki/Khabarovsk_Tsentralny,
346999,RU-0744,small_airport,Khokhlatskaya-1 Airport,48.61991,135.12234,118,EU,RU,RU-KHA,Vinogradovka,no,,,,ZB0K,,,
347025,RU-0745,small_airport,Reshety Airport,54.19889,80.23976,,EU,RU,RU-NVS,Reshety,no,,,,ZEK2,,,
347026,RU-0746,heliport,Slavyanka Heliport,51.83647,46.31833,522,EU,RU,RU-SAR,Slavyanka,no,,,,HGH9,,,
347027,RU-0747,small_airport,Sukhovka Airfield,56.05055,40.75778,361,EU,RU,RU-VLA,Sukhovka,no,,,,ZB11,,,"Суховка, ЗБ11"
347028,RU-0748,heliport,POGZ Ozyornaya Heliport,45.49753,133.24821,220,EU,RU,RU-PRI,Chernorechensky,no,,,,HC4Y,,,
347029,RU-0749,heliport,Korfovka Heliport,43.90453,131.25628,433,EU,RU,RU-PRI,Korfovka,no,,,,HC53,,,
347030,RU-0750,heliport,Tsingaly Heliport,60.1698,69.69227,105,EU,RU,RU-KHM,Tsingaly,no,,,,HB2M,,,
347891,RU-0751,heliport,Kharasavey Heliport,71.2318,66.9113,,AS,RU,RU-YAN,Kharasavey,no,,,,,,,"HELIOPS, GAZPROM, LNG, OIL & GAS"
347893,RU-0752,heliport,Yar-Sale Heliport,66.86563,70.85709,,EU,RU,RU-YAN,Yar-Sale,no,,,,,,,
347894,RU-0753,small_airport,Zhilinda Airport,70.15387,113.91756,489,EU,RU,RU-SA,Zhilinda,no,,,,,,,
347895,RU-0754,small_airport,Ebelyakh Airport,70.88319,113.58159,387,EU,RU,RU-SA,Ebelyakh,no,,,,,,,
347897,RU-0755,small_airport,Chirinda Airstrip,67.53965,100.41201,1045,EU,RU,RU-KYA,Chirinda,no,,,,,,,
347898,RU-0756,small_airport,Ekonda Airport,65.75707,105.32821,1355,EU,RU,RU-KYA,Ekonda,no,,,,,,,
347899,RU-0757,small_airport,Noginsk Airport,64.492499,91.21423,509,AS,RU,RU-KYA,Noginsk,no,,,,UOTN,,,"УОТН, Ногинск"
347900,RU-0758,closed,Former Tutonchany Airport,64.23374,93.79927,899,EU,RU,RU-KYA,Tutonchany,no,,,,,,,UOTU
347901,RU-0759,small_airport,Kislokan Airport,63.59221,103.94732,713,EU,RU,RU-KYA,Kislokan,no,,,,,,,
347902,RU-0760,small_airport,Yukta Airport,63.38788,105.65577,680,EU,RU,RU-KYA,Yukta,no,,,,,,,
347903,RU-0761,small_airport,Nakanno Airport,62.89988,108.44788,816,EU,RU,RU-IRK,Nakanno,no,,,,,,,
347904,RU-0762,small_airport,Khamakar Airport,61.989,108.17978,889,EU,RU,RU-IRK,Khamakar,no,,,,,,,
347906,RU-0763,closed,Kystatyam Airport,67.32212,123.33179,262,EU,RU,RU-SA,Kystatyam,no,,,,,,,
35012,RU-0764,medium_airport,Kubinka Air Base,55.611695,36.650002,614,EU,RU,RU-MOS,Kubinka,no,UUMB,,XUMB,XUMB,,https://en.wikipedia.org/wiki/Kubinka_(air_base),"УУМБ, Кубинка"
347913,RU-0765,closed,Belogorsk Airfield,55.03342,88.48534,2476,EU,RU,RU-KEM,Belogorsk,no,,,,,,,
347914,RU-0766,heliport,Uzhur Heliport,55.26431,89.82905,1299,EU,RU,RU-KYA,Uzhur,no,,,,,,,
348669,RU-0767,small_airport,Yam Airfield,56.33257,38.6369,558,EU,RU,RU-VLA,Alexandrovsky,no,,,,,,,
348670,RU-0768,closed,Romanovo Airfield,56.66735,39.24273,568,EU,RU,RU-YAR,Romanovo,no,,,,,,,"ZCG1, ЗЦГ1, Романово, Lyubimtsevo"
348671,RU-0769,small_airport,Nekrasovo Airfield,57.78792,40.84022,256,EU,RU,RU-KOS,Nekrasovo,no,,,,,,,
348672,RU-0770,small_airport,Manturovo Airfield,58.36749,44.7957,374,EU,RU,RU-KOS,Manturovo,no,,,,,,,
349399,RU-0771,heliport,Sychevka Heliport,52.04691,84.90723,725,AS,RU,RU-ALT,Belokurikha,no,,,,HHZ6,,,"ХХЗ6, Белокуриха"
349400,RU-0772,small_airport,Belokurikha Airport,52.0645,85.02143,741,AS,RU,RU-ALT,Belokurikha,no,,,,,,,
351016,RU-0773,small_airport,Ustinovo Aerodrome,54.85274,60.00283,1293,EU,RU,RU-CHE,Miass,no,,,,,,,
351017,RU-0774,small_airport,Galitskiy Aerodrome,54.83703,58.36763,1388,EU,RU,RU-CHE,Yuryuzan,no,,,,,,,
351018,RU-0775,heliport,Satka Heliport,55.04139,58.96788,1572,EU,RU,RU-CHE,Satka,no,,,,,,,
351180,RU-0776,heliport,Heli-Drive,59.828082,30.252743,50,EU,RU,RU-SPE,St. Petersburg,no,,,,ULLO,https://helidrive.com/?lang=en,,"УЛЛО, Хели-Драйв"
351201,RU-0777,small_airport,Novokayakent Airport,42.33369,48.02926,-39,EU,RU,RU-DA,Kichi-Istisu,no,,,,,,,Kurort Kayakent
351202,RU-0778,heliport,Derbent Central City Hospital Heliport,42.02743,48.32866,-79,EU,RU,RU-DA,Derbent,no,,,,,,,
351286,RU-0779,heliport,Charysh-2 Heliport,51.36103,83.57715,1444,AS,RU,RU-ALT,Krasnyi Partizan,no,,,,,,,
351287,RU-0780,small_airport,Karasuk Vertodrome-Aerodrome,51.56184,85.91851,1234,EU,RU,RU-AL,Cheposh,no,,,,,,,
351288,RU-0781,heliport,Altay Resort Heliport,51.67968,86.22909,2316,EU,RU,RU-AL,Urlu-Aspak,no,,,,,,,
351289,RU-0782,heliport,Manzherok Heliport,51.83066,85.77789,1034,EU,RU,RU-AL,Manzherok,no,,,,,,,
351290,RU-0783,small_airport,Manzherok Airport,51.82526,85.80593,1293,EU,RU,RU-AL,Manzherok,no,,,UNBO,,,,"УНБО, Манжерок"
351291,RU-0784,heliport,Biryuzovaya Katun Heliport,51.79279,85.73554,1079,AS,RU,RU-ALT,Biryuzovaya Katun,no,,,,,,,
351292,RU-0785,small_airport,Barantal Aerodrome,51.44663,85.98885,1598,EU,RU,RU-AL,Elekmonar,no,,,,,,,
351293,RU-0786,heliport,Kuius Heliport,51.03543,86.22771,1880,EU,RU,RU-AL,Kuius,no,,,,,,,
351294,RU-0787,heliport,Altayskoye Podvorye Heliport,50.78388,86.48459,1982,EU,RU,RU-AL,Ongudaysky,no,,,,,,,
351648,RU-0788,small_airport,Laishevo Airport,55.40836,49.49762,409,EU,RU,RU-TA,Laishevo,no,,,,,,,
351854,RU-0789,small_airport,Belaya,55.83613,44.43664,,EU,RU,RU-NIZ,,no,,,,,,,
352056,RU-0790,small_airport,Balagannoye Airport,59.6969,149.07195,52,AS,RU,RU-MAG,Balagannoye,no,,,,,,,
352057,RU-0791,heliport,Tauisk Heliport,59.73504,149.35535,13,EU,RU,RU-MAG,Tauisk,no,,,,,,,
352118,RU-0792,heliport,Bolshoy Kamen Heliport,43.12062,132.36056,130,AS,RU,RU-PRI,Bolshoy Kamen,no,,,,,,,
352119,RU-0793,heliport,Poltavka Heliport,44.014649,131.259886,318,AS,RU,RU-PRI,Poltavka,no,,,,,,,
352120,RU-0794,heliport,Lipovtsy Heliport,44.2252,131.670002,663,AS,RU,RU-PRI,Lipovtsy,no,,,,,,,"Sergeyevskity Poligo, UPLK6"
352122,RU-0795,heliport,Turii Rog Heliport,45.24521,131.97882,279,AS,RU,RU-PRI,Turii Rog,no,,,,,,,
352125,RU-0796,heliport,Sheremetyevo Heliport,47.34019,134.27342,194,EU,RU,RU-KHA,Sheremetyevo,no,,,,,,,
352126,RU-0797,heliport,Kedrovo Heliport,47.41833,134.35668,279,EU,RU,RU-KHA,Kedrovo,no,,,,,,,
352127,RU-0798,heliport,Vinogradovka Heliport,47.44029,134.50111,151,EU,RU,RU-KHA,Vinogradovka,no,,,,,,,
352128,RU-0799,heliport,Vyazemsky Heliport,47.52135,134.82607,374,EU,RU,RU-KHA,Vyazemsky,no,,,,,,,
352129,RU-0800,heliport,Zabaikal'skoye Heliport,47.60612,134.70968,272,EU,RU,RU-KHA,Zabaikal'skoye,no,,,,,,,
352130,RU-0801,heliport,Kukelevo Heliport,47.77208,134.76139,157,EU,RU,RU-KHA,Kukelevo,no,,,,,,,
352227,RU-0802,small_airport,Aleksandrovsk-Sakhalinskiy Airport,50.877144,142.17561,12,AS,RU,RU-SAK,Aleksandrovsk-Sakhalinskiy,no,,UHS,UHSA,,,,"УХСА, Александровск-Сахалинский"
352482,RU-0803,heliport,Parus Heliport,48.4793,134.88777,138,EU,RU,RU-YEV,Priamursky,no,,,,,,,
35047,RU-0804,closed,Onega Andozero Air Base,63.923301696799996,38.4117012024,285,EU,RU,RU-ARK,Onega,no,,,,,,https://en.wikipedia.org/wiki/Onega_Andozero,Vatega
352485,RU-0805,small_airport,Kukan Airport,49.21613,133.46271,466,AS,RU,RU-KHA,Kukan,no,,,UHHW,,,,"УХХВ, Кукан"
352487,RU-0806,heliport,Voskresenovka Heliport,48.04054,132.8781,230,EU,RU,RU-YEV,Voskresenovka,no,,,,,,,
352496,RU-0807,small_airport,Amurzet Airport,47.70734,131.09247,223,EU,RU,RU-YEV,Amurzet,no,,,,,,,
352498,RU-0808,heliport,Sagibovo Heliport,48.90865,130.40403,292,EU,RU,RU-AMU,Sagibovo,no,,,,,,,
352501,RU-0809,heliport,Zhuravlevka Heliport,49.09049,129.99353,305,EU,RU,RU-AMU,Zhuravlevka,no,,,,,,,
352502,RU-0810,heliport,Kazakevichevo Heliport,48.26643,134.73577,246,EU,RU,RU-KHA,Kazakevichevo,no,,,,,,,
352503,RU-0811,heliport,Nevelskoye Heliport,48.10894,134.67752,135,EU,RU,RU-KHA,Nevelskoye,no,,,,,,,
352504,RU-0812,heliport,Leninskoye Heliport,47.92518,132.61892,164,EU,RU,RU-YEV,Leninskoye,no,,,,,,,
352505,RU-0813,heliport,Dezhnevo Heliport,47.79227,132.21074,184,EU,RU,RU-YEV,Dezhnevo,no,,,,,,,
352506,RU-0814,heliport,Ventselevo Heliport,47.78344,131.951,194,EU,RU,RU-YEV,Ventselevo,no,,,,,,,
352538,RU-0815,heliport,Innokentievka Heliport,49.29588,129.71085,338,AS,RU,RU-AMU,Innokentievka,no,,,,,,,
352539,RU-0816,heliport,Kalinino Heliport,49.39803,129.27384,338,EU,RU,RU-AMU,Kalinino,no,,,,,,,
352589,RU-0817,heliport,Ust-Khayryuzovo Heliport,57.08735,156.72741,3,AS,RU,RU-KAM,Ust-Khayryuzovo,no,,,,,,,
352900,RU-0818,heliport,Novosovetskoye Heliport,47.88957,134.66683,135,AS,RU,RU-KHA,Novosovetskoye,no,,,,,,,
352901,RU-0819,heliport,Astashikha Heliport,49.49901,129.47744,401,AS,RU,RU-AMU,Astashikha,no,,,,,,,
352902,RU-0820,heliport,Chesnokovo Heliport,49.54472,128.80769,348,AS,RU,RU-AMU,Chesnokovo,no,,,,,,,
352903,RU-0821,heliport,Poyarkovo Heliport,49.6168,128.69746,377,EU,RU,RU-AMU,Poyarkovo,no,,,,,,,
352904,RU-0822,heliport,Orlovka Heliport,49.55586,128.13968,371,EU,RU,RU-AMU,Orlovka,no,,,,,,,
352905,RU-0823,heliport,Konstantinovka Heliport,49.59708,128.01829,377,EU,RU,RU-AMU,Konstantinovka,no,,,,,,,
352906,RU-0824,heliport,Korfovo Heliport,49.88574,127.54579,397,EU,RU,RU-AMU,Korfovo,no,,,,,,,
352907,RU-0825,heliport,Krasnoye Heliport,49.99182,127.50863,400,EU,RU,RU-AMU,Krasnoye,no,,,,,,,
352908,RU-0826,heliport,Groyekovo Heliport,50.11444,127.56631,406,AS,RU,RU-AMU,Groyekovo,no,,,,,,,
352909,RU-0827,heliport,Kanikurgan Heliport,50.21763,127.63148,417,EU,RU,RU-AMU,Kanikurgan,no,,,,,,,
352921,RU-0828,heliport,Shimanovskogo North Heliport,50.95001,127.09716,600,EU,RU,RU-AMU,Shimanovskogo,no,,,,,,,
352924,RU-0829,heliport,Shimanovskogo South Heliport,50.94216,127.10455,489,EU,RU,RU-AMU,Shimanovskogo,no,,,,,,,
352953,RU-0830,heliport,Novopetrovka Heliport,49.56721,128.28048,391,EU,RU,RU-AMU,Novopetrovka,no,,,,,,,
352954,RU-0831,heliport,Markovo Heliport,50.5374,127.36028,446,EU,RU,RU-AMU,Markovo,no,,,,,,,
352955,RU-0832,heliport,Mikhailovka Heliport,50.64091,127.35997,541,EU,RU,RU-AMU,Mikhailovka,no,,,,,,,
352956,RU-0833,heliport,Sergeyevka Heliport,50.73505,127.31149,463,EU,RU,RU-AMU,Sergeyevka,no,,,,,,,
352957,RU-0834,heliport,Saskal Heliport,51.66368,126.91308,650,AS,RU,RU-AMU,Saskal,no,,,,,,,
352958,RU-0835,heliport,Ushakovo Heliport,51.85303,126.56647,581,EU,RU,RU-AMU,Ushakovo,no,,,,,,,
352959,RU-0836,heliport,Kuznetsovo Heliport,52.57164,126.14801,676,EU,RU,RU-AMU,Kuznetsovo,no,,,,,,,
352960,RU-0837,heliport,Chernyayevo Heliport,52.78225,125.98141,722,AS,RU,RU-AMU,Chernyayevo,no,,,,,,,
352961,RU-0838,heliport,Busse Heliport,51.20629,126.90684,512,AS,RU,RU-AMU,Busse,no,,,,,,,
352962,RU-0839,heliport,Tolbuzino Heliport,53.13513,125.4743,751,EU,RU,RU-AMU,Tolbuzino,no,,,,,,,
352963,RU-0840,heliport,Albazino Heliport,53.39781,124.07478,879,AS,RU,RU-AMU,Albazino,no,,,,,,,
352964,RU-0841,heliport,PSP Dzhalinda Heliport,53.45682,123.98836,1189,AS,RU,RU-AMU,Dzhalinda,no,,,,,,,
352965,RU-0842,heliport,Dzhalinda Heliport,53.48339,123.9131,997,AS,RU,RU-AMU,Dzhalinda,no,,,,,,,
352966,RU-0843,heliport,Border Post Tymager Heliport,53.30544,121.06297,1047,EU,RU,RU-ZAB,Mogochinsky,no,,,,,,,
352968,RU-0844,small_airport,Ust'-Strelka Airport,53.32426,121.38508,1110,EU,RU,RU-ZAB,Ust'-Strelka,no,,,,,,,
34986,RU-0845,small_airport,Gorelovo Aerodrome,59.765518,30.071722,190,EU,RU,RU-SPE,Saint Petersburg,no,,,,XLLE,http://maps.aopa.ru/id/xlle,https://en.wikipedia.org/wiki/Gorelovo_(air_base),Annino
352969,RU-0846,heliport,Ust'-Strelka Heliport,53.31984,121.39618,1027,EU,RU,RU-ZAB,Ust'-Strelka,no,,,,,,,
352970,RU-0847,heliport,Pokrovka Border Post Heliport,53.36375,121.60142,1020,EU,RU,RU-ZAB,Pokrovka,no,,,,,,,
352971,RU-0848,heliport,Pokrovka Heliport,53.35122,121.53238,1001,EU,RU,RU-ZAB,Pokrovka,no,,,,,,,
352973,RU-0849,heliport,Khandagayty Heliport,50.7441,92.10262,3786,EU,RU,RU-TY,Khandagayty,no,,,,,,,
352974,RU-0850,heliport,Chaa-Suur Heliport,50.79463,92.74784,4111,EU,RU,RU-TY,Chaa-Suur,no,,,,,,,
352975,RU-0851,small_airport,Kungurtug Airport,50.60054,97.50883,4308,EU,RU,RU-TY,Kungurtug,no,,,,,,,
352988,RU-0852,heliport,Srednyaya Heliport,51.69133,120.09881,1762,EU,RU,RU-ZAB,Srednyaya,no,,,,,,,
352989,RU-0853,heliport,Nerchinsky Zavod Heliport,51.29243,119.61225,2228,EU,RU,RU-ZAB,Nerchinsky Zavod,no,,,,,,,
352990,RU-0854,heliport,Ishaga Heliport,51.43523,119.96415,1647,EU,RU,RU-ZAB,Ishaga,no,,,,,,,
352991,RU-0855,heliport,Argunsk Heliport,51.5632,119.99808,1699,EU,RU,RU-ZAB,Argunsk,no,,,,,,,
352993,RU-0856,heliport,Buldurui 1-Y Heliport,51.01742,119.63956,1657,EU,RU,RU-ZAB,Buldurui 1-Y,no,,,,,,,
352994,RU-0857,heliport,Srednyaya Borzya Heliport,50.91762,119.48523,1614,EU,RU,RU-ZAB,Srednyaya Borzya,no,,,,,,,
352995,RU-0858,heliport,Bura Heliport,50.75547,119.43263,1627,EU,RU,RU-ZAB,Bura,no,,,,,,,
352996,RU-0859,heliport,Zorgol Heliport,50.5872,119.25723,1650,EU,RU,RU-ZAB,Zorgol,no,,,,,,,
352997,RU-0860,heliport,Priargunsk Heliport,50.34718,119.08071,1713,EU,RU,RU-ZAB,Priargunsk,no,,,,,,,
352998,RU-0861,heliport,[Duplicate] Priargunsk Heliport,50.34718,119.08071,1713,AS,RU,RU-ZAB,Priargunsk,no,,,,,,,
352999,RU-0862,small_airport,Priargunsk Airport,50.34247,119.00104,2057,EU,RU,RU-ZAB,Priargunsk,no,,,,,,,
353000,RU-0863,heliport,Starotsurukhaitui Heliport,50.1982,119.28984,1844,EU,RU,RU-ZAB,Starotsurukhaitui,no,,,,,,,
353183,RU-0864,heliport,Kuti Heliport,50.09873,119.1884,1955,EU,RU,RU-ZAB,Kuti,no,,,,,,,
353184,RU-0865,heliport,Duroi Heliport,50.01372,118.92798,1855,EU,RU,RU-ZAB,Duroi,no,,,,,,,
353185,RU-0866,heliport,Bogdanovka Heliport,50.01502,118.75466,1785,EU,RU,RU-ZAB,Bogdanovka,no,,,,,,,
353186,RU-0867,heliport,Kaptsegaitui Heliport,49.9647,118.59136,1850,EU,RU,RU-ZAB,Kaptsegaitui,no,,,,,,,
353187,RU-0868,heliport,Kailastui Heliport,49.82489,118.37125,1857,EU,RU,RU-ZAB,Kailastui,no,,,,,,,
353188,RU-0869,heliport,Border Post Oktyabrskaya Heliport,49.91687,118.4958,1867,EU,RU,RU-ZAB,Kailastui,no,,,,,,,
353189,RU-0870,heliport,Sredneargunsk Heliport,49.75409,118.26919,1821,EU,RU,RU-ZAB,Sredneargunsk,no,,,,,,,
353190,RU-0871,heliport,Brusilovka Heliport,49.67748,118.03401,1903,EU,RU,RU-ZAB,Brusilovka,no,,,,,,,
353191,RU-0872,heliport,Zabaykalsk East Heliport,49.64465,117.44415,2218,EU,RU,RU-ZAB,Zabaykalsk,no,,,,,,,
353192,RU-0873,heliport,Abagaytuy Heliport,49.57363,117.83492,1821,EU,RU,RU-ZAB,Abagaytuy,no,,,,,,,
353193,RU-0874,heliport,Negatuy Heliport,49.61007,117.62119,1991,EU,RU,RU-ZAB,Negatuy,no,,,,,,,
353194,RU-0875,heliport,Bilituy Heliport,49.8294,117.12101,2533,EU,RU,RU-ZAB,Bilituy,no,,,,,,,
353195,RU-0876,heliport,Solovievsk Heliport,49.89546,115.74772,2034,EU,RU,RU-ZAB,Solovievsk,no,,,,,,,
353196,RU-0877,heliport,Builesan Heliport,50.24435,114.84834,2352,EU,RU,RU-ZAB,Builesan,no,,,,,,,
353197,RU-0878,heliport,Krasnaya Imalka Heliport,50.28331,115.37272,2172,EU,RU,RU-ZAB,Krasnaya Imalka,no,,,,,,,
353198,RU-0879,heliport,Novy Durulgui Heliport,50.34665,114.45262,2484,EU,RU,RU-ZAB,Novy Durulgui,no,,,,,,,
353199,RU-0880,heliport,Ubur-Tokhtor Heliport,50.09687,113.61797,3143,EU,RU,RU-ZAB,Ubur-Tokhtor,no,,,,,,,
353200,RU-0881,heliport,Mikhailo-Pavlovsk Heliport,49.68313,113.03794,3064,EU,RU,RU-ZAB,Mikhailo-Pavlovsk,no,,,,,,,
353201,RU-0882,heliport,Mangut Heliport,49.6975,112.66485,2664,EU,RU,RU-ZAB,Mangut,no,,,,,,,
353202,RU-0883,small_airport,Menza Airport,49.41982,108.8545,3104,EU,RU,RU-ZAB,Menza,no,,,,,,,
353203,RU-0884,small_airport,Kyra Airport,49.58653,111.95628,2995,EU,RU,RU-ZAB,Kyra,no,,,,,,,
353204,RU-0885,heliport,Khilkotoy Heliport,49.93404,108.03888,2228,EU,RU,RU-ZAB,Khilkotoi,no,,,,,,,
353205,RU-0886,heliport,Sharagol Heliport,50.02598,107.35155,2182,EU,RU,RU-BU,Sharagol,no,,,,,,,
353206,RU-0887,heliport,Bolshaya Kudara Heliport,50.20849,107.04438,1988,EU,RU,RU-BU,Bolshaya Kudara,no,,,,,,,
353207,RU-0888,heliport,Khyagt Heliport,50.32928,106.48077,2411,EU,RU,RU-BU,Khyagt,no,,,,,,,
353208,RU-0889,heliport,Naushki Hospital Heliport,50.39565,106.10954,2021,EU,RU,RU-BU,Naushki,no,,,,,,,
353209,RU-0890,heliport,Botsii Heliport,50.45923,105.64289,2133,EU,RU,RU-BU,Botsii,no,,,,,,,
353210,RU-0891,small_airport,Petropavlovka Airport,50.61721,105.28553,2350,EU,RU,RU-BU,Petropavlovka,no,,,,,,,
35015,RU-0892,closed,Lebedovo Air Base,51.28329849243164,46.25,249,EU,RU,RU-SAR,Privolzsky,no,,,,,,https://en.wikipedia.org/wiki/Lebedovo,
353211,RU-0893,heliport,Petropavlovka Heliport,50.61637,105.3263,2254,EU,RU,RU-BU,Petropavlovka,no,,,,,,,
353428,RU-0894,heliport,Zheltura Heliport,50.46267,105.09323,2356,EU,RU,RU-BU,Zheltura,no,,,,,,,
353430,RU-0895,heliport,Kharatsai Heliport,50.48764,104.48476,2598,EU,RU,RU-BU,Kharatsai,no,,,,,,,
353431,RU-0896,small_airport,Ulekchin Airport,50.50104,104.27745,2861,EU,RU,RU-BU,Ulekchin,no,,,,,,,
353432,RU-0897,closed,Zakamensk Airport,50.43445,103.36997,3451,EU,RU,RU-BU,Dutulur,no,,,,,,,
353433,RU-0898,heliport,Kholtoson Heliport,50.28685,103.31613,4033,EU,RU,RU-BU,Kholtoson,no,,,,,,,
353434,RU-0899,heliport,Mondy Heliport,51.66803,100.98303,4341,EU,RU,RU-BU,Mondy,no,,,,,,,
353453,RU-0900,heliport,Ak-Kalakha Heliport,49.27255,87.49247,7221,EU,RU,RU-AL,Ak-Kalakha,no,,,,,,,
353454,RU-0901,heliport,Karagay Heliport,50.39452,84.63358,3957,EU,RU,RU-AL,Karagay,no,,,,,,,
353456,RU-0902,closed,Mikhailovskoye Airport,51.8328,79.7091,571,AS,RU,RU-ALT,Mikhailovskoye,no,,,,,,,ZEC3
353458,RU-0903,heliport,Klyuchi Heliport,52.2678,79.19963,456,AS,RU,RU-ALT,Klyuchi,no,,,,,,,
353542,RU-0904,small_airport,Yarovoye Altaipetstrans Airport,52.93973,78.60009,364,AS,RU,RU-ALT,Yarovoye,no,,,,,,,Ярово́е
353543,RU-0905,heliport,Oktyabr'skoye Heliport,53.508657,77.791076,354,EU,RU,RU-NVS,Oktyabr'skoye,no,,,,,,,
353544,RU-0906,heliport,Studenoye Heliport,53.61944,77.523846,341,EU,RU,RU-NVS,Studenoye,no,,,,,,,
353545,RU-0907,heliport,Karasuk Heliport,53.715884,78.064545,358,EU,RU,RU-NVS,Karasuk,no,,,,,,,
353547,RU-0908,small_airport,Karasuk Airport,53.70532,78.07082,380,EU,RU,RU-NVS,Karasuk,no,,,,,,,
353548,RU-0909,heliport,Terengul' Heliport,53.83546,77.15268,325,EU,RU,RU-NVS,Terengul',no,,,,,,,
353549,RU-0910,heliport,Blagoveshchenka Heliport,53.93201,76.95398,105,EU,RU,RU-NVS,Blagoveshchenka,no,,,,,,,
353550,RU-0911,heliport,Metelevo Heliport,54.09996,76.75993,358,EU,RU,RU-NVS,Metelevo,no,,,,,,,
353551,RU-0912,heliport,Chistoozernoe Heliport,54.69841,76.59525,352,EU,RU,RU-NVS,Chistoozernoe,no,,,,,,,
353552,RU-0913,heliport,Kupino Heliport,54.38867,77.3059,361,EU,RU,RU-NVS,Kupino,no,,,,,,,
353553,RU-0914,heliport,Novokrasnoye Heliport,54.32668,76.18341,348,EU,RU,RU-NVS,Novokrasnoye,no,,,,,,,
353554,RU-0915,heliport,Bol'shegrivskoye Heliport,53.91101,74.92926,292,EU,RU,RU-OMS,Bol'shegrivskoye,no,,,,,,,
353555,RU-0916,heliport,Russkaya Polyana Heliport,53.76374,73.88164,402,EU,RU,RU-OMS,Russkaya Polyana,no,,,,,,,
353578,RU-0917,small_airport,Slavyansk-na-Kubani Airfield,45.20633,38.08692,10,EU,RU,RU-KDA,Slavyansk-na-Kubani,no,,,,ZE4S,,,"УРСК, URSK, Славянск-на-Кубани, ЗЕ4С"
354388,RU-0918,closed,Fyodorovka Airport,55.08796,72.995911,,AS,RU,RU-OMS,Omsk,no,,,,,,https://en.wikipedia.org/wiki/Fyodorovka_Airport,ZF8F
355155,RU-0919,heliport,Usad'ba Mansurovo Helicopter Base,51.774107,37.430463,676,EU,RU,RU-KRS,,no,,,,HH9Y,,,
355513,RU-0920,heliport,Kordon Ozernyy Heliport,51.48092,157.03785,283,AS,RU,RU-KAM,Pauzhetka,no,,,,,,,
355765,RU-0921,heliport,Nazarovo Heliport,44.204281,145.859578,,AS,RU,RU-SAK,Nazarovo,no,,,,,,,
356021,RU-0922,small_airport,Rybatskaya Airstrip,54.67994,39.78785,,EU,RU,RU-RYA,,no,,,,,,,
356391,RU-0923,small_airport,AirLife Aerodrome,48.04196,45.98445,,AS,RU,RU-AST,Chernyi Yar,no,,,,,,,
504891,RU-0924,heliport,Salla Border Heliport,66.94403,29.03823,745,EU,RU,RU-MUR,Salla,no,,,,,,,
506127,RU-0925,heliport,Ust'-Kara Heliport,69.253977,64.935393,,EU,RU,RU-NEN,Ust'-Kara,no,,,,,,,
506129,RU-0926,small_airport,Ust'-Kara Airport,69.255514,64.95232,,EU,RU,RU-NEN,Ust'-Kara,no,,,,,,,
507250,RU-0927,heliport,Laryak,61.103035,80.245628,100,EU,RU,RU-KHM,Ларьяк,no,,,,,,,
507251,RU-0928,heliport,Korliki,61.534646,82.406466,137,EU,RU,RU-KHM,,no,,,,,,,
507320,RU-0929,small_airport,Artel-Amur Kondyor Mine airstrip,57.643517,134.622324,2103,AS,RU,RU-KHA,Kondyor Massif,no,,,,,,,"Amur, Kondyor, Mine, Platinum"
507321,RU-0930,small_airport,Artel-Amur Kondyor Airport,57.731361,134.444191,1476,AS,RU,RU-KHA,Worgalan,no,,,UNHU,,,,"Amur, Kondyor, Mine, Platinum, Urgalan"
507326,RU-0931,small_airport,Aim Airstrip,58.783536,134.262501,781,AS,RU,RU-KHA,Aim,no,,,,,,,
507327,RU-0932,small_airport,Nelkan Airstrip,57.642153,136.161458,997,EU,RU,RU-KHA,Nelkan,no,,,,,,,
507328,RU-0933,small_airport,Kurun-Uryakh Airstrip,58.678982,137.503174,1410,EU,RU,RU-KHA,Kurun-Uryakh,no,,,,,,,
507502,RU-0934,heliport,Bolgar Heliport,54.975023,49.050184,,EU,RU,RU-TA,Bolgar,no,,,,,,,
507503,RU-0935,small_airport,Red Partisan Private Airstrip,55.339996,47.268988,,EU,RU,RU-CU,Sirikli,no,,,,,,,
507603,RU-0936,small_airport,Nyurbinskiy Gok,65.066513,117.116543,,EU,RU,RU-SA,Nakyn,no,,,,,,,"Alrosa, Kimberlite, Diamonds"
508492,RU-0938,heliport,Staroe Lavshino Helicopter Base,53.56009,33.93643,,EU,RU,RU-BRY,Staroe Lavshino,no,,,,,,,
508985,RU-0939,heliport,Burovaya Rudnyy Heliport,44.33757,146.00123,10,AS,RU,RU-SAK,Burovaya Rudnyy,no,,,,,,,
508986,RU-0940,small_airport,Severo Kurilsk Airport,50.669405,156.124287,52,AS,RU,RU-SAK,Severo-Kurilsk,no,,,,UHPR,,,"УХПР, Северо-Курильск"
509293,RU-0941,small_airport,Gora Airstrip UL,55.27693,39.25163,,EU,RU,RU-MOS,Gora,no,,,,,,,"Yegoryevsky, Егoрьевск"
509617,RU-0942,small_airport,Koz'modem'yansk Airstrip,56.304714,46.547653,,EU,RU,RU-ME,Koz'modem'yansk,no,,,,,,,
510372,RU-0943,heliport,Salmanovskoye Vertodrome,71.014901,73.790413,,AS,RU,RU-YAN,Arctic LNG 2 project - Utrenneye gas terminal - Salmanovskoye,no,,,,,,,"Oil & Gas, NOVATEK"
510374,RU-0944,closed,HP-2 (Southern dome),70.834362,74.169227,,AS,RU,RU-YAN,Arctic LNG 2 project - Utrenneye gas field,no,,,,,,,"Oil & Gas, NOVATEK"
510375,RU-0945,heliport,HP-1 (Central dome),70.952085,74.653816,,EU,RU,RU-YAN,Arctic LNG 2 project - Utrenneye gas field,no,,,,,,,"Oil & Gas, NOVATEK"
510814,RU-0946,heliport,"Bukhta Sever Helipad, (Vostok Oil Terminal)",73.16672,80.433968,,AS,RU,RU-KYA,Dikson,no,,,,,,,"Bukhta Sever, Sever Bay, Vostok Oil Terminal"
510815,RU-0947,heliport,Syradasayskoye Coal Terminal Helipad,72.846871,80.881688,,AS,RU,RU-KYA,,no,,,,,,,"Syradasayskoye Coal Terminal, Yenisey Gulf"
512827,RU-0948,heliport,Mys Kamenny Vertodrome,68.505166,73.563863,,EU,RU,RU-YAN,Mys Kamennyi,no,,,,,,,"вертодром Мыс Каменный, Gazprom Neft, Oil & Gas, Arctic Gate, Gulf of Ob"
512828,RU-0949,heliport,Novy Port Vertodrome,67.701912,72.899652,,EU,RU,RU-YAN,,no,,,,,,,"вертодром Но́вый Порт, Gazprom Neft, Oil & Gas, Novoportovskoye field, Gulf of Ob"
512829,RU-0950,heliport,Novoportovskoye Field Vertodrome,67.792932,72.577658,,EU,RU,RU-YAN,Novoportovskoye Field,no,,,,,,,"вертодром Новопортовское месторождение, Gazprom Neft, Oil & Gas, Novoportovskoye field, Gulf of Ob"
512878,RU-0951,heliport,Yar-Sale Heliport 2,66.873588,70.828975,,EU,RU,RU-YAN,Yar-Sale,no,,,,,,,
512879,RU-0952,heliport,GAZPROMAVIA Nadym Heliport,65.470041,72.670505,,EU,RU,RU-YAN,Nadym,no,,,,,,,"GAZPROM, Oil & Gas. Нады́м, Нады́мский райо́н"
514506,RU-0953,heliport,Arkticheskiy Vertodrome,68.832916,58.150945,16,EU,RU,RU-NEN,Varandey,no,,,ULDH,,,,"Oil & Gas, GazpromNeft Shelf, Transshipment Base, Prirazlomnaya MLSP"
516870,RU-0954,closed,Maslovskiy Airfield,54.768365,39.094089,639,EU,RU,RU-MOS,Zaraysky,no,,,,,,,"ЗБ0С, ZB0S"
516871,RU-0955,heliport,Pogrebki Heliport,51.371166,35.216835,640,EU,RU,RU-KRS,Pogrebki,no,,,,HA45,,,ХА45
516876,RU-0956,small_airport,Vladikavkaz Gizel' Airfield,43.073397,44.586704,1969,EU,RU,RU-SE,Vladikavkaz,no,,,,XRMD,,,ЬРМД
516879,RU-0957,heliport,Gubkinskiy Heliport,64.434174,76.437807,167,EU,RU,RU-YAN,Gubkinskiy,no,,,,HA9A,,,ХА9А
518074,RU-0958,closed,Plavsk Airstrip,53.710926,37.12752,797,EU,RU,RU-TUL,Plavsk,no,,,,,,,"ЗАД0, Плавск, ZAD0"
518340,RU-0959,closed,Verkhniy Amyl Heliport,53.133218,94.494317,2371,EU,RU,RU-KYA,Verkhniy Amyl,no,,,,,,,"УНЫВ, Верхний Амыл, UNYW"
518548,RU-0960,closed,Gudermes Airport,43.334434,46.041037,292,EU,RU,RU-CE,Gudermes,no,,,,,,,Гудермес
520070,RU-0961,heliport,Tuters Island Heliport,59.856636,27.186575,143,EU,RU,RU-LEN,Bolshoy Tyuters,no,,,,HJ9Q,,,"ХЙ9Я, Большой Тютерс, Tytärsaari"
520377,RU-0962,heliport,"Bukhta Sever Work Camp Helipad, (Vostok Oil Pipeline)",73.147307,80.491232,,AS,RU,RU-KYA,Dikson,no,,,,,,,"Bukhta Sever, Sever Bay, Yenisey Gulf, Vostok Oil Pipeline, Work Camp"
520378,RU-0963,small_airport,Syradasayskoye Coal Terminal Airport,72.851332,80.969221,203,AS,RU,RU-KYA,Dikson,no,,,,,,,Yenisey Gulf
520379,RU-0964,heliport,Syradasayskoye Coal Route Work Camp Helipad,72.737068,82.324475,994,AS,RU,RU-KYA,Dikson,no,,,,,,,Yenisey Gulf
520380,RU-0965,heliport,"Vorontsovo Dock Site Helipad, (Vostok Oil Pipeline)",71.779698,83.462092,24,AS,RU,RU-KYA,Dikson,no,,,,,,,Yenisey Gulf
520381,RU-0966,heliport,"Vorontsovo Work Camp Helipad, (Vostok Oil Pipeline)",71.844427,83.480606,164,AS,RU,RU-KYA,Dikson,no,,,,,,,Yenisey Gulf
34987,RU-0967,closed,Gorin Air Base,51.17169952392578,136.63499450683594,492,AS,RU,RU-KHA,Gorin,no,,,,,,https://en.wikipedia.org/wiki/Gorin,
520383,RU-0968,heliport,Dikson Heliport (New),73.508957,80.552612,156,AS,RU,RU-KYA,Dikson,no,,,,,,,"Yenisey Gulf, Port"
520385,RU-0969,heliport,Sabetta Village Heliport,71.231389,72.156667,20,AS,RU,RU-YAN,Sabetta,no,,,,HH80,,https://en.wikipedia.org/wiki/Yamal_LNG,"Oil & Gas, Yamal LNG project, Sabetta terminal port, NOVATEK, ХХ80, САБЕТТА (ПОСЕЛОК)"
526615,RU-0970,heliport,HP-# (Southern dome),70.845686,74.254113,,EU,RU,RU-YAN,Arctic LNG 2 project - Utrenneye gas field,no,,,,,,,"Oil & Gas, NOVATEK"
526619,RU-0971,heliport,KU №1 (29-Y KILOMETR),70.038,68.268,,AS,RU,RU-YAN,Bovanenkovo,no,,,,,,,"Bovanenkovo-Ukhta GTS, HELIOPS, GAZPROM, Pipeline, OIL & GAS"
526620,RU-0972,heliport,Bovanenkovo-Ukhta Gas Pipeline,70.240179,68.127594,,AS,RU,RU-YAN,Bovanenkovo,no,,,,,,,"HELIOPS, GAZPROM, Pipeline, OIL & GAS"
526622,RU-0973,heliport,Bovanenkovo-Ukhta Gas Pipeline,70.27387,68.147979,,AS,RU,RU-YAN,Bovanenkovo,no,,,,,,,"HELIOPS, GAZPROM, Pipeline, OIL & GAS"
526625,RU-0974,heliport,Kruzenshternovskoye gas field,70.720004,67.870681,,AS,RU,RU-YAN,Bovanenkovo,no,,,,,,,"HELIOPS, GAZPROM, LNG, OIL & GAS"
526626,RU-0975,heliport,Kruzenshternovskoye gas field,70.871818,67.620978,,AS,RU,RU-YAN,Bovanenkovo,no,,,,,,,"HELIOPS, GAZPROM, LNG, OIL & GAS"
526634,RU-0976,heliport,Kharasaveyskoye Condensate Terminal,71.172871,66.866698,,EU,RU,RU-YAN,Kharasavey,no,,,,,,,"HELIOPS, GAZPROM, LNG, OIL & GAS"
526637,RU-0977,heliport,Bovanenkovo Junction Helipad,70.324216,68.785937,,AS,RU,RU-YAN,Bovanenkovo,no,,,,,,,"HELIOPS, OIL & GAS, Gazprom, Obskaya–Bovanenkovo Railroad"
526639,RU-0978,heliport,Bovanenko Heliport,70.363896,68.431778,,EU,RU,RU-YAN,Bovanenkovo,no,,,,,,,"HELIOPS, GAZPROM, LNG, OIL & GAS"
526707,RU-0979,heliport,Toboi field,68.882728,58.929291,,EU,RU,RU-NEN,Varandey,no,,,,,,,"Oil & Gas, GazpromNeft Shelf"
526708,RU-0980,heliport,Toboi field,68.868584,59.036483,,EU,RU,RU-NEN,Varandey,no,,,,,,,"Oil & Gas, GazpromNeft Shelf"
526710,RU-0981,heliport,Toboi field,68.871257,58.983214,,EU,RU,RU-NEN,Varandey,no,,,,,,,"Oil & Gas, GazpromNeft Shelf, HELIOPS"
526712,RU-0982,heliport,Myadsey-Toboi pipeline,68.83248,59.093163,,AS,RU,RU-NEN,Varandey,no,,,,,,,"Oil & Gas, GazpromNeft Shelf, HELIOPS"
526716,RU-0983,heliport,Myadsey-Toboi pipeline,68.798384,59.199733,,AS,RU,RU-NEN,Varandey,no,,,,,,,"Oil & Gas, GazpromNeft Shelf, HELIOPS"
526718,RU-0984,heliport,Myadsey field,68.782971,59.320078,,AS,RU,RU-NEN,Varandey,no,,,,,,,"Oil & Gas, GazpromNeft Shelf, HELIOPS"
526720,RU-0985,heliport,Myadsey field,68.764784,59.354947,,EU,RU,RU-NEN,Varandey,no,,,,,,,"Oil & Gas, GazpromNeft Shelf, HELIOPS"
526723,RU-0986,heliport,Toboi-Varandey pipeline,68.918516,58.876419,,EU,RU,RU-NEN,Varandey,no,,,,,,,"Oil & Gas, GazpromNeft Shelf, HELIOPS"
526725,RU-0987,heliport,Toboi-Varandey pipeline,68.863002,58.502551,,EU,RU,RU-NEN,Varandey,no,,,,,,,"Oil & Gas, GazpromNeft Shelf, HELIOPS"
526726,RU-0988,heliport,Toboi-Varandey pipeline,68.850901,58.333347,,EU,RU,RU-NEN,Varandey,no,,,,,,,"Oil & Gas, GazpromNeft Shelf, HELIOPS"
526729,RU-0989,heliport,Medynskoe field,68.959111,59.014961,,EU,RU,RU-NEN,Varandey,no,,,,,,,"Oil & Gas, GazpromNeft Shelf, HELIOPS"
526737,RU-0990,heliport,Labaganskoye field,68.387241,59.044518,203,EU,RU,RU-NEN,Varandey,no,,,,HH5W,,,"ХХ5В, Oil & Gas, GazpromNeft Shelf, HELIOPS"
526738,RU-0991,heliport,Varandey field,68.789319,58.172693,,AS,RU,RU-NEN,Varandey,no,,,,,,,"Oil & Gas, GazpromNeft Shelf, HELIOPS"
526739,RU-0992,heliport,Roman Trebs field,68.684083,57.829789,,AS,RU,RU-NEN,Varandey,no,,,,,,,"Oil & Gas, GazpromNeft Shelf, HELIOPS"
526740,RU-0993,heliport,Toravey Yuzhno field,68.610317,58.527421,,AS,RU,RU-NEN,Varandey,no,,,,,,,"Oil & Gas, GazpromNeft Shelf, HELIOPS"
526742,RU-0994,heliport,Toraveyskoye field,68.684949,58.388836,,EU,RU,RU-NEN,Varandey,no,,,,,,,"Oil & Gas, GazpromNeft Shelf, HELIOPS"
526743,RU-0995,heliport,Anatoly Titov field,68.315098,58.349826,,EU,RU,RU-NEN,Varandey,no,,,,,,,"Oil & Gas, GazpromNeft Shelf, HELIOPS"
526744,RU-0996,heliport,Roman Trebs field,68.711939,57.787474,,EU,RU,RU-NEN,Varandey,no,,,,,,,"Oil & Gas, GazpromNeft Shelf, HELIOPS"
526745,RU-0997,heliport,OBP Trebsa (Roman Trebs field),68.604341,58.0303,287,EU,RU,RU-NEN,Varandey,no,,,,,,,"Oil & Gas, GazpromNeft Shelf, HELIOPS"
526747,RU-0998,heliport,Khyl'chuyu field,68.294077,55.27124,,EU,RU,RU-NEN,Nar'yan Mar,no,,,,,,,"Oil & Gas, GazpromNeft Shelf, HELIOPS"
526749,RU-0999,heliport,Khyl'chuyu Yuzhnoye field,68.160319,55.401928,,EU,RU,RU-NEN,Nar'yan Mar,no,,,,,,,"Oil & Gas, GazpromNeft Shelf, HELIOPS"
526751,RU-1000,heliport,Khyl'chuyu Yuzhnoye field 8,68.152602,55.399418,,EU,RU,RU-NEN,Nar'yan Mar,no,,,,,,,"Oil & Gas, GazpromNeft Shelf, HELIOPS"
32242,RU-10000,closed,Turlatovo Airport,54.555901,39.855202,502,EU,RU,RU-RYA,Ryazan,no,,,,,,https://en.wikipedia.org/wiki/Turlatovo_Airport,"Аэропорт Турлатово, УУБР, RZN, UUBR, UUWR"
32584,RU-10001,medium_airport,Velikiye Luki Airport,56.381066,30.607846,328,EU,RU,RU-PSK,Velikiye Luki,no,ULOL,VLU,,,,https://en.wikipedia.org/wiki/Velikiye_Luki_Airport,"УЛОЛ, Великие Луки"
34934,RU-10002,closed,Kasimovo Airfield,60.198299,30.334999,230,EU,RU,RU-LEN,St. Petersburg,no,,,,,,https://en.wikipedia.org/wiki/Kasimovo_Airport,"Аэродром Касимово, XLLN"
34943,RU-10003,closed,Bakharevka Airport,57.951698,56.195,564,AS,RU,RU-PER,Perm,no,,,,,,https://en.wikipedia.org/wiki/Bakharevka_Airport,"Аэропорт Бахаревка, USPB"
35009,RU-10004,closed,Krasnoyarsk Severniy Airport,56.041698,92.9067,676,EU,RU,RU-KYA,Krasnoyarsk,no,,,,,,https://en.wikipedia.org/wiki/Krasnoyarsk_Northeast,"Krasnoyarsk Severny Airport, Krasnoyarsk North Airport, Krasnoyarsk Northeast Airport, Аэропорт Красноярск Северный. Innokentievskaya Air Base, UNKK"
35023,RU-10005,closed,Lodeynoye Pole Air Base,60.709999,33.57,56,EU,RU,RU-LEN,Lodeynoye Pole,no,,,,,,https://en.wikipedia.org/wiki/Lodeynoye_Pole_(air_base),"Аэродром Лодейное Поле, XLPO, RU-187"
35068,RU-10006,closed,Salmi Air Base,61.321701049805,32.00830078125,20,EU,RU,RU-KR,Ilinskiy,no,,,,,,https://en.wikipedia.org/wiki/Salmi,RU-400
35081,RU-10007,closed,Siversky Air Base,59.356701,30.036699,341,EU,RU,RU-LEN,Siversky,no,,,,,,https://en.wikipedia.org/wiki/Siversky_(air_base),"ULLS, XLLS"
42910,RU-10008,closed,Tushino Airport,55.818333,37.426666,420,EU,RU,RU-MOW,Moscow,no,,,,,,https://en.wikipedia.org/wiki/Tushino_Airport,"UUUS, УУУС, Тушино"
42911,RU-10009,closed,Biysk Airport,52.478686,85.342513,620,AS,RU,RU-ALT,Biysk,no,,,,,,https://en.wikipedia.org/wiki/Biysk_Airport,"Аэропорт Бийск, UNBI"
526777,RU-1001,closed,Sabetta Terminal Construction Heliport,71.274076,72.073982,,EU,RU,RU-YAN,Sabetta,no,,,,,,,"CLOSED, Oil & Gas, Yamal LNG project, Sabetta terminal port, NOVATEK"
42912,RU-10010,closed,Rubtsovsk Airport,51.58925,81.204208,709,AS,RU,RU-ALT,Rubtsovsk,no,,,,,,https://en.wikipedia.org/wiki/Rubtsovsk_Airport,"UNBR, УНБР, Рубцовск"
42921,RU-10011,closed,Maksimovka Airport,54.830002,56.168301,325,AS,RU,RU-BA,Ufa,no,,,,,,https://en.wikipedia.org/wiki/Ufa_Maximovka_Airport,"Maximovka Airport, Аэропорт Максимовка, UWUM"
42972,RU-10012,closed,Novgorod Airport,58.493301,31.241699,85,EU,RU,RU-NGR,Velikiy Novgorod,no,,,,,,https://en.wikipedia.org/wiki/Novgorod_Airport,"УЛНН, Old Novgorod, Аэропорт Новгород, ULNN, NVR"
42984,RU-10013,closed,Severouralsk Airport,60.301666259766,60.075000762939,604,AS,RU,RU-SVE,Severouralsk,no,,,,,,https://en.wikipedia.org/wiki/Severouralsk_Airport,"Аэропорт Североуральск, USSE"
42986,RU-10014,closed,Chistopol Airport,55.305798,50.615986,604,EU,RU,RU-TA,Chistopol,no,,,,,,https://en.wikipedia.org/wiki/Chistopol_Airport,"UWKI, УВКИ, Чи́стополь"
43333,RU-10015,closed,Sortavala Airstrip,61.736099,30.673599,,EU,RU,RU-KR,,no,,,,,,,"Сортавала, ULPW"
43666,RU-10016,closed,Bagdarin Airport,54.369009,113.477199,3084,AS,RU,RU-BU,Bagdarin,no,,,,,,,"Аэропорт Багдарин, UIUB"
43678,RU-10017,closed,Volgodonsk Airport,47.682098,42.0728,276,EU,RU,RU-ROS,,no,,,,,,,"Tsimlyansk Airport, Аэропорт Волгодонск, Аэропорт Цимлянск, URRQ, VLK, URRY"
44741,RU-10018,closed,Ust-Ordynskiy Airport,52.82,104.739998,1775,AS,RU,RU-IRK,Ust-Ordynskiy,no,,,,,https://uolib.ru/istoriya-ust-ordynskogo-aeroporta/,,"УИИО, Ust-Ordynsky Airport, Аэропорт Усть-Ордынский, UIOO, UIIO"
44750,RU-10019,closed,Maryovo Airport,57.319999694824,32.049999237061,,EU,RU,RU-NGR,Maryovo,no,,,,,,,"Marevo Airport, Аэропорт Марёво, Аэропорт Марево, ULNM"
526779,RU-1002,heliport,Tambeiskoye Yuzhnoye field,71.451344,71.816125,,EU,RU,RU-YAN,Tambei,no,,,,,,,"Oil & Gas, NOVATEK, HELIOPS"
44769,RU-10020,closed,Lodeynoye Pole Airport,60.716999054,33.561000824,49,EU,RU,RU-LEN,Lodeynoye Pole,no,,,,,,,"Lodeynoe Pole Airport, Аэропорт Лодейное Поле, ULSL"
44854,RU-10021,closed,Kharasavey Airport,71.238106,66.920894,,AS,RU,RU-YAN,Kharasavey,no,,,,,,,"Аэропорт Харасавей, Аэропорт Харасавэй, USDH"
44868,RU-10022,closed,Kurtamysh Airfield,54.918263,64.471722,,AS,RU,RU-KGN,Kurtamysh,no,,,,,,,"Аэропорт Куртамыш, USUK"
44900,RU-10023,closed,Oktyabrskiy Airport,61.079011,43.198193,285,EU,RU,RU-ARK,Oktyabrskiy,no,,,,,,,"УЛКО, Oktyabrsky Airport, Аэропорт Октябрьский, ULKO"
46136,RU-10024,closed,Salsk 2 Airfield,46.456306,41.483311,110,EU,RU,RU-ROS,Sal'sk,no,,,,,,,"Аэропорт Сальск, XRRS, ЬРРС"
46247,RU-10025,closed,Pyatigorsk Airport,44.0496271493,43.0214738846,,EU,RU,RU-STA,Pyatigorsk,no,,,,,,,"Аэропорт Пятигорск, УРМП, URMP"
46255,RU-10026,closed,Tolyatti Airport,53.596638,49.378374,230,EU,RU,RU-SAM,Tolyatti,no,,,,,,,"Аэропорт Тольятти, УВВТ, UWWT"
46286,RU-10027,closed,Totma Airport,59.9835754516,42.7672863007,,EU,RU,RU-VLG,Totma,no,,,,,,,"Totma Airport, Аэропорт Тотьма, УЛВТ, ULWT"
310630,RU-10028,closed,Aban Airport,56.6847,96.1203,844,AS,RU,RU-KYA,Aban,no,,,,,,,"УНЯА, Абан, UNQA"
315337,RU-10029,closed,Andryushkino Airport,69.171971,154.455067,26,AS,RU,RU-SA,Andryushkino,no,,,,,,,"УЕСА, Андрюшкино, UESA"
526781,RU-1003,heliport,Tambeiskoye Sever field,71.642864,71.923478,,AS,RU,RU-YAN,Tambei,no,,,,,,,"Oil & Gas, NOVATEK, HELIOPS"
315538,RU-10030,closed,Ponoy Airfield,67.11,41.106,545,EU,RU,RU-MUR,Ponoy,no,,,,,,,"УЛМО, Поной, ULMO, ULMO"
315541,RU-10031,closed,Varzuga Airstrip (closed),66.4117,36.594,168,EU,RU,RU-MUR,Varzuga,no,,,,,,,"УЛМБ, Варзуга, ULMB"
315542,RU-10032,closed,Kuzomen Airstrip,66.28,36.87,3,EU,RU,RU-MUR,Kuzomen,no,,,,,,,"УЛМН, Кузомень, ULMN"
319870,RU-10033,closed,Tenkeli Airport,70.1643,140.7073,465,EU,RU,RU-SA,Tenkeli,no,,,,,,,"УЕБЕ, Тенкели, UEBE"
319881,RU-10034,closed,Drilling Rig 363/2 Helipad,59.91494,110.14186,1148,EU,RU,RU-SA,,no,,,,,,,"УЕЦД, Буровая 363/2, UECD"
324784,RU-10035,closed,Soyana Airfield,65.783933,43.3832,59,EU,RU,RU-ARK,Soyana,no,,,,,,,"ULBQ, ULBQ"
325055,RU-10036,closed,Gan'kino Airfield,54.8704087,39.3805418999,,EU,RU,RU-MOS,,no,,,,,,,"UUMQ, UUMQ"
346954,RU-10037,closed,Sofiysk Airport,52.252622,133.962878,,EU,RU,RU-KHA,Sofiysk,no,,,,,,,UHBJ
348666,RU-10038,closed,Borok Airfield,58.36023,30.96933,79,EU,RU,RU-NGR,Borok,no,,,,,,,"UPAA, UPAA, UPAA"
542218,RU-10039,closed,Kurzhino Airfield,58.90535,82.572769,249,AS,RU,RU-TOM,Kurzhino,no,,,,,,,"UNLG, УНЛГ, Куржино"
526784,RU-1004,heliport,Tasiyskoye field,71.990886,72.19451,,EU,RU,RU-YAN,Tambei,no,,,,,,,"Oil & Gas, Gazprom, HELIOPS"
542653,RU-10040,closed,Sudzha Airfield,51.212486,35.347897,635,EU,RU,RU-KRS,Sudzha,no,,,,,,,"ZB35, ЗБ35, Су́джа"
542658,RU-10041,closed,Kocherdyk Airfield,54.589378,62.953159,594,EU,RU,RU-CHE,Kocherdyk,no,,,,,,,"USCK, УСЦК, Кочердык"
546217,RU-10042,closed,Pikhtovka Airfield,55.976933,82.712601,417,AS,RU,RU-NVS,Pikhtovka,no,,,,,,,"UNNP, УННП, Пихтовка"
546280,RU-10043,closed,Petropavlovskoye Airfield,52.078781,84.077228,758,AS,RU,RU-ALT,Petropavlovskoye,no,,,,,,,"UNBW, УНБВ, Петропавловское"
574521,RU-10044,closed,Aleshkino Airfield,54.372734,21.768279,344,EU,RU,RU-KGD,Aleshkino,no,,,,,,,"ЗБ2К, Алёшкино, ZB2K"
546205,RU-10045,heliport,Chilisu-Anzas Heliport,52.682598,88.358185,1809,AS,RU,RU-KEM,Chilisu-Anzas,no,,,,UNAZ,,,"УНАЗ, Чилису-Анзас"
35001,RU-10046,small_airport,Kirovsk-Apatity Airport,67.462851,33.585294,515,EU,RU,RU-MUR,Apatity,yes,,KVK,XLMK,ULMK,http://www.airkirovsk.ru/,https://en.wikipedia.org/wiki/Kirovsk-Apatity_Airport,"Kirovsk Airport, Apatity Airport, Аэропорт Кировск, Аэропорт Апатиты, УЛМК, ЬЛМК, Хибины"
35064,RU-10047,medium_airport,Rtishchevo Air Base,52.297317,43.7241,673,EU,RU,RU-SAR,Rtishchevo,no,,,,XWPR,,https://en.wikipedia.org/wiki/Rtishchevo_(air_base),"ЬВПР, Ртищево"
35074,RU-10048,medium_airport,Semyazino Airport,56.127423,40.315202,554,EU,RU,RU-VLA,Vladimir,no,,,UUBL,UUBL,http://www2.vtsnet.ru/vlavia/HTMLs/airdrom_rus.htm,https://en.wikipedia.org/wiki/Semyazino_Airport,"Vladimir Airport, Аэропорт Семязино, Аэропорт Владимир, УУБЛ, ЬУБЛ, ВЛМ, XUBL"
35085,RU-10049,medium_airport,Soltsy-2 Air Base,58.139545,30.33042,131,EU,RU,RU-NGR,Soltsy,no,,,XLLL,XLLL,,https://en.wikipedia.org/wiki/Soltsy-2,"ЬЛЛЛ, Сольцы"
526786,RU-1005,heliport,Mys Kamennyi,68.713735,73.096268,,EU,RU,RU-YAN,Mys Kamennyi,no,,,,,,,
42330,RU-10050,small_airport,Klokovo Air Base,54.239,37.6,499,EU,RU,RU-TUL,Tula,no,,TYA,,XUBT,,https://en.wikipedia.org/wiki/Klokovo_air_base,"Аэродром Клоково, UUBT, УУБТ., ЬУБТ, Тула"
42916,RU-10051,small_airport,Mezen Airfield,65.878334,44.215,46,EU,RU,RU-ARK,Mezen,no,,,ULAE,,,https://en.wikipedia.org/wiki/Mezen_Airport,"Аэропорт Мезень, УЛАЕ"
42922,RU-10052,small_airport,Stary Oskol Airfield,51.329216,37.768848,719,EU,RU,RU-BEL,Stary Oskol,no,,,,UUOS,,https://en.wikipedia.org/wiki/Stary_Oskol_Airport,"УУОС, Старый Оскол, Staryy Oskol, RU-10052"
42933,RU-10053,medium_airport,Yermolino Air Base,55.228627,36.608609,640,EU,RU,RU-KLU,Balabanovo,no,,,UUWE,XUWE,,https://en.wikipedia.org/wiki/Ermolino_Airport,"Ermolino Airport, Аэропорт Ермолино, УУВЕ, ЬУВЕ"
42966,RU-10054,medium_airport,Myachkovo Airfield,55.560817,37.983947,410,EU,RU,RU-MOS,Moscow,no,,,UUBM,,http://www.miachkovo.com/,https://en.wikipedia.org/wiki/Myachkovo_Airport,"УУБМ, Аэропорт Мячково"
42973,RU-10055,medium_airport,Staraya Russa Air Base,57.961399,31.384399,82,EU,RU,RU-NGR,Staraya Russa,no,,,ULNR,XLNR,,https://en.wikipedia.org/wiki/Staraya_Russa_Airport,"УЛНР, ЬЛНР, Staraya Rossiya, Старая Русса"
43010,RU-10056,medium_airport,Fedotovo Naval Air Base,59.190372,39.123459,574,EU,RU,RU-VLG,Kipelovo,no,,,,XLWF,http://www.vologda18.narod.ru/,https://en.wikipedia.org/wiki/Fedotovo_(air_base),"ЬЛВФ, Kipelovo Naval Air Base, Аэродром Федотово, Аэродром Кипелово"
43016,RU-10057,medium_airport,Severomorsk-1 Naval Air Base,69.03167,33.418331,239,EU,RU,RU-MUR,Severomorsk,no,,,,XLMD,,https://en.wikipedia.org/wiki/Severomorsk-1,ЬЛМД
43018,RU-10058,medium_airport,Severomorsk-3 Naval Air Base,68.866669,33.716667,564,EU,RU,RU-MUR,Severomorsk,no,,,,XLMV,http://severomorsk.3dn.ru/,https://en.wikipedia.org/wiki/Severomorsk-3_(air_base),"Malyavr, Murmansk Northeast"
43669,RU-10059,medium_airport,Dyagilevo Air Base,54.642284,39.569047,440,EU,RU,RU-RYA,Ryazan,no,,,UUBD,XUBD,,https://en.wikipedia.org/wiki/Dyagilevo,"Dyaghilevo Air Base, Аэродром Дягилево, ЬУБД, УУБД"
526824,RU-1006,heliport,Vladimir Nak Station Helipad,68.888827,70.302984,,AS,RU,RU-YAN,Yuribey,no,,,,,,,"HELIOPS, OIL & GAS, Gazprom, Obskaya–Bovanenkovo Railroad"
43676,RU-10060,small_airport,Veshenskaya Airfield,49.656823,41.700713,253,EU,RU,RU-ROS,Veshenskaya,no,,,URRW,,,,"Vyoshenskaya Airport, Аэропорт Вешенская, Аэропорт Вёшенская, УРРВ"
43691,RU-10061,small_airport,Icha Airport,55.595402,155.619003,135,AS,RU,RU-KAM,Icha,no,,,,UHJI,,,"Аэропорт Ича, УХЯИ"
44321,RU-10062,medium_airport,Khanskaya Air Base,44.67956,40.036059,600,EU,RU,RU-AD,Maykop,no,,,,XRKH,,,"ЬРКХ, Майкоп / Ханская, Hanskaya Airport, Аэропорт Ханская"
44606,RU-10063,small_airport,Velsk Airfield,61.039843,42.10333,360,EU,RU,RU-ARK,Velsk,no,,,,ULKW,,,"Аэропорт Вельск, УЛКВ"
44607,RU-10064,small_airport,Vytegra Airfield,61.032427,36.434976,217,EU,RU,RU-VLG,Vytegra,no,,,ULWR,,,,"Аэропорт Вытегра, УЛВР"
44657,RU-10065,small_airport,Pudozh,61.825001,36.580002,144,EU,RU,RU-KR,Pudozh,no,,,,ULPA,,,"Аэропорт Пудож, УЛПА"
44748,RU-10066,small_airport,Borovichi Airfield,58.436001,33.889,340,EU,RU,RU-NGR,Borovichi,no,,,ULNB,ULNB,,,"Аэропорт Боровичи, УЛНБ"
44754,RU-10067,small_airport,Karpogory Airfield,64.013568,44.462614,130,EU,RU,RU-ARK,Karpogory,no,,,ULAP,ULAP,,,"Аэропорт Карпогоры, УЛАП"
44756,RU-10068,small_airport,Pertominsk Airstrip,64.79056,38.422902,56,EU,RU,RU-ARK,Pertominsk,no,,,ULAT,,,,"Аэропорт Пертоминск, УЛАТ"
44759,RU-10069,small_airport,Lopshenga Airstrip,64.983422,37.696535,49,EU,RU,RU-ARK,Lopshenga,no,,,ULBL,,http://www.aviapages.ru/airports/17973931010137965.shtml,,"Аэропорт Лопшеньга, УЛБЛ"
526834,RU-1007,heliport,KU №2 (57-Y KILOMETR),69.782426,68.355764,,AS,RU,RU-YAN,Bovanenkovo,no,,,,,,,"Bovanenkovo-Ukhta GTS, HELIOPS, GAZPROM, Pipeline, OIL & GAS"
44760,RU-10070,small_airport,Trufanovo Airfield,59.310766,39.845947,417,EU,RU,RU-VLG,Vologda,no,,,,XLWT,http://www.chpa.ru/dzvologda/dzvologda_main.htm,,"ЬЛВТ, Аэродром Труфаново"
44762,RU-10071,small_airport,Krasnoshchelye Airstrip,67.348,37.077,492,EU,RU,RU-MUR,Krasnoshchelye,no,,,ULMX,,,,"Krasnoschelye Airport, Аэропорт Краснощелье, УЛМЬ"
44765,RU-10072,small_airport,Sosnovka Airfield,53.261715,45.277774,581,EU,RU,RU-PNZ,Penza,no,,,,XWPO,,,"ЬВПО, Chemodanovka Airfield, Аэродром Сосновка, Аэродром Чемодановка"
44775,RU-10073,small_airport,Nizhnyaya Pesha Airport,66.7391,47.728815,32,EU,RU,RU-NEN,Nizhnyaya Pesha,no,,,ULAV,,,https://es.wikipedia.org/wiki/Aer%C3%B3dromo_de_Nizhnyaya_Pyosha,"УЛАЖ, Аэропорт Нижняя Пеша"
44849,RU-10074,small_airport,Shoyna Airstrip,67.869856,44.151193,25,EU,RU,RU-NEN,Shoyna,no,,,ULBO,,,,"Аэропорт Шойна, УЛБО"
44850,RU-10075,small_airport,Shenkursk Airfield,62.118229,42.89907,,EU,RU,RU-ARK,Shenkursk,no,,,,ULAN,,,"Nikiforovskaya, Аэропорт Шенкурск, Аэропорт Никифоровская, УЛАН"
44992,RU-10076,medium_airport,Smolensk North Airport,54.824,32.025,820,EU,RU,RU-SMO,Smolensk,no,,LNX,,XUBS,,https://en.wikipedia.org/wiki/Smolensk_North_Airport,"Smolensk Severny Airfield, Аэродром Смоленск Северный, ЬУБС"
45191,RU-10077,medium_airport,Yeysk Airport,46.68,38.21,60,EU,RU,RU-KDA,Yeysk,no,,EIK,URKE,XRKE,,,"Eysk Airport, Аэропорт Ейск, УРКЕ, ЬРКЕ"
46088,RU-10078,small_airport,Morozovsk Air Base,48.313,41.791,400,EU,RU,RU-ROS,Morozovsk,no,,,URRM,XRRM,,https://en.wikipedia.org/wiki/Morozovsk_(air_base),"Аэродром Морозовск, ЬРРМ, УРРМ"
46487,RU-10079,heliport,Kem Helipad,64.96,34.64,82,EU,RU,RU-KR,Kem,no,,,ULPE,,,,"Вертолётная площадка Кемь, УЛПЕ"
526835,RU-1008,heliport,KU №3 (88-Y KILOMETR),69.523798,68.425373,,AS,RU,RU-YAN,Bovanenkovo,no,,,,,,,"Bovanenkovo-Ukhta GTS, HELIOPS, GAZPROM, Pipeline, OIL & GAS"
315345,RU-10080,heliport,Afipsky Heliport,44.87303,38.82855,80,EU,RU,RU-KDA,Afipski,no,,,URKF,,,,"УРКФ, Основной"
324922,RU-10081,small_airport,Remontnoye Airfield,46.544302,43.6457,409,EU,RU,RU-ROS,Remontnoye,no,,,,URRE,,,"УРРЕ, Ремонтное, RU-10081"
326385,RU-10082,small_airport,Belozersk Airfield,60.015745,37.755371,399,EU,RU,RU-VLG,Belozersk,no,,,,ULWB,,,"УЛВБ, Белозерск, Belozyorsk, RU-10082"
342078,RU-10083,small_airport,Tomarovka Aerodrome,50.6945,36.2922,656,EU,RU,RU-BEL,Pushkarnoye,no,,,,XUOP,,,"Томаровка, ЬУОП, RU-10083"
545810,RU-10084,heliport,Taravey Heliport,68.658434,58.43673,68,AS,RU,RU-NEN,Varandey,no,,,,ULDX,,,"УЛДЬ, Таравей, Lake Toravey, RU-10084"
546178,RU-10085,small_airport,Pirovskoye Airfield,57.608942,92.303195,645,AS,RU,RU-KYA,Pirovskoye,no,,,,UNIO,,,"УНИО, Пировское, RU-10085"
546184,RU-10086,small_airport,Ust-Pit Airfield,58.99397,91.748865,239,AS,RU,RU-KYA,Ust-Pit,no,,,,UNJC,,,"УНЙЦ, Усть-Пит, RU-10086"
546193,RU-10087,small_airport,Mayskoye Airfield,60.014497,89.428082,241,AS,RU,RU-KYA,Mayskoye,no,,,,UNJJ,,,"УНЙЙ, Майское, RU-10087"
547340,RU-10088,heliport,Nikel Heliport,69.412289,30.189975,154,EU,RU,RU-MUR,Nikel,no,,,,ULMI,,,"УЛМИ, Никель, RU-10088"
594103,RU-10089,heliport,Gazprom Heliport,53.657921,53.652819,682,EU,RU,RU-ORE,Abdulino,no,,,,HCZ2,,,"ХЦЗ2, Абдулино"
526843,RU-1009,heliport,KS-41 Baydaratskaya,69.285819,68.160113,,EU,RU,RU-YAN,Bovanenkovo,no,,,,,,,"Bovanenkovo-Ukhta GTS, HELIOPS, GAZPROM, Pipeline, OIL & GAS"
594104,RU-10090,heliport,Abinskiy EMZ Heliport,44.87513,38.132451,143,EU,RU,RU-KDA,Abinskiy,no,,,,HJ8Z,,,"ХЙ8З, Абинск"
594105,RU-10091,heliport,Aborino Heliport,55.855923,38.271471,446,EU,RU,RU-MOS,Aborino,no,,,,HA9G,,,"ХА9Г, Аборино"
594106,RU-10092,heliport,Abrau-Dyurso Heliport,44.700515,37.603042,367,EU,RU,RU-KDA,Abrau-Dyurso,no,,,,HE79,,,"ХЕ79, Абрау-Дюрсо"
594107,RU-10093,heliport,Babaevo KS-22 Heliport,59.366841,35.991728,453,EU,RU,RU-VLG,Babaevo,no,,,,HCG7,,,"ХЦГ7, Бабаево"
594108,RU-10094,heliport,Babushkino Heliport,50.6362,156.40657,91,AS,RU,RU-SAK,Babushkino,no,,,,HH7H,,,"ХХ7Х, Бабушкино"
594109,RU-10095,closed,Abdulino Airfield,53.681602,53.625668,700,EU,RU,RU-ORE,Abdulino,no,,,,,,,"ZA02, ЗА02, Абдулино"
594111,RU-10097,closed,Abinsk Airfield,44.904915,38.176651,78,EU,RU,RU-KDA,Abinsk,no,,,,,,,"ZE4Q, ЗЕ4Я, Абинск"
594116,RU-10098,closed,Ada Airfield,47.14064,137.538498,2700,EU,RU,RU-KHA,Ada,no,,,,,,,"UHHA, УХХА, Ады"
594118,RU-10099,small_airport,Gagarin Aerodrome,55.6371,34.828751,624,EU,RU,RU-SMO,Rodomanovo,no,,,,ZD92,,,"ЗД92, Гагарин, Родоманово"
526848,RU-1010,heliport,KS-2 Yarynskaya,68.82123,66.992472,,AS,RU,RU-YAN,,no,,,,,,,"Bovanenkovo-Ukhta GTS, HELIOPS, GAZPROM, Pipeline, OIL & GAS"
596378,RU-10100,heliport,Burgagchan Heliport,66.285568,164.739334,1422,AS,RU,RU-CHU,Burgagchan,no,,,,HDC7,,,"ХДЦ7, Бургагчан"
596379,RU-10101,closed,Ambarchik Heliport,69.627014,162.312698,31,AS,RU,RU-SA,Ambarchik,no,,,,,,,"HC9M, ХЦ9М, Амбарчик"
596380,RU-10102,heliport,PogZ Shestakova Heliport,49.457699,154.704483,10,AS,RU,RU-SAK,Onekotan Island,no,,,,HA4R,,,"ХА4Р, Онекотан, Ōtomari Kuri Is."
596566,RU-10103,closed,Peremilovo Airfield,56.891053,41.418455,327,EU,RU,RU-IVA,Peremilovo,no,,,,,,,"ZDG9, ЗДГ9, Перемилово"
597094,RU-10104,closed,Pinozero Airfield,67.327571,32.585735,470,EU,RU,RU-MUR,Pinozero,no,,,,,,,"ZF4A, ЗФ4А, Пинозеро"
597116,RU-10105,heliport,Palatka-Agro Heliport,60.075184,150.90387,1008,AS,RU,RU-MAG,Palatka,no,,,,HFQ1,,,"ХФЯ1, Палатка"
597117,RU-10106,heliport,Ostrov Zhokhova Heliport,76.16544,152.81138,42,AS,RU,RU-SA,Zhokhov Island,no,,,UESV,,,,"УЕСЖ, Остров Жохова"
597132,RU-10107,heliport,Antipayuta Heliport,69.096143,76.872228,5,EU,RU,RU-YAN,Antipayuta,no,,,,HA07,,,"ХА07, Антипаюта"
597133,RU-10108,heliport,Gorka-3 Heliport,71.174838,66.874377,32,EU,RU,RU-YAN,Kharasavey,no,,,,HA1Q,,,"ХА1Я, Горка-3"
597148,RU-10109,closed,Polessk (ex. Labiau Eichwalde) (ZD6S),54.83745,21.11748,16,EU,RU,RU-KGD,Polessk (ex. Labiau),no,,,,,,https://en.wikipedia.org/wiki/Polessk_(air_base),ZD6S
526851,RU-1011,heliport,KS-3 Gagaratskaya,67.995908,65.177518,,AS,RU,RU-KO,Khalmer-Yu,no,,,,,,,"Bovanenkovo-Ukhta GTS, HELIOPS, GAZPROM, Pipeline, OIL & GAS"
598563,RU-10110,heliport,Vostochny Kildin Heliport,69.325566,34.398896,3,EU,RU,RU-MUR,Kildin Island,no,,,,HFL8,,,"ХФЛ8, Восточный Кильдин"
598641,RU-10111,heliport,Kharlov Island Heliport,68.8152,37.331746,257,EU,RU,RU-MUR,Ostrov Kharlov,no,,,,HFM1,,,"ХФМ1, Остров Харлов"
598811,RU-10112,heliport,Ostrovnoy Heliport,68.076371,39.45939,3,EU,RU,RU-MUR,Ostrovnoy,no,,,,HFM3,,,"ХФМ3, Островной"
598812,RU-10113,heliport,Pivan-1 Heliport,50.345048,137.190895,178,AS,RU,RU-KHA,Pivan,no,,,,HG34,,,"ХГ34, Пивань"
599547,RU-10114,heliport,Yamnoye Heliport,51.792439,39.141417,436,EU,RU,RU-VOR,Yamnoye,no,,,,HA6H,,,"ХА6Х, Ямное"
599548,RU-10115,small_airport,Vency Zarya Airfield,45.322497,40.811273,417,EU,RU,RU-KDA,Vency-Zarya,no,,,,ZB33,,,"ЗБ33, Венцы-Заря"
599586,RU-10116,heliport,Nota River Heliport,67.990438,29.687294,388,EU,RU,RU-MUR,Kolsky,no,,,,HFK4,,,"ХФК4, Река Нота"
599587,RU-10117,heliport,Tepsi River Heliport,67.672106,30.070658,632,EU,RU,RU-MUR,Kovdorsky,no,,,,HFK6,,,"ХФК6, Река Тепси"
600031,RU-10118,small_airport,Torbeyevo Airfield,55.06583,37.88167,600,EU,RU,RU-MOS,Torbeyevo,no,,,UUCT,,,,"УУЦТ, Торбеево"
600552,RU-10119,small_airport,Betenkes Airfield,67.642559,135.575882,456,AS,RU,RU-SA,Betenkes,no,,,,ZC8G,,,"ЗЦ8Г, Бетенкёс"
526852,RU-1012,heliport,KS-4 Vorkutinskaya,67.225925,63.674161,,AS,RU,RU-KO,Vorkuta,no,,,,,,,"Bovanenkovo-Ukhta GTS, HELIOPS, GAZPROM, Pipeline, OIL & GAS"
600749,RU-10120,heliport,Dalniye Zelentsy-2 Heliport,69.132427,36.057736,,EU,RU,RU-MUR,Dalniye Zelentsy,no,,,,HFM0,,,"ХФМ0, Дальние Зеленцы"
600750,RU-10121,heliport,Dalniye Zelentsy Heliport,69.110692,36.071732,,EU,RU,RU-MUR,Dalniye Zelentsy,no,,,,HD35,,,"ХД35, Дальние Зеленцы"
600751,RU-10122,heliport,Lyampushka Heliport,64.592229,125.791838,197,AS,RU,RU-SA,Lyampushka,no,,,,HD9E,,,"ХД9Е, Лямпушка"
600753,RU-10123,heliport,Peremykino Heliport,53.173157,124.756639,1065,EU,RU,RU-AMU,Peremykino,no,,,,HC6K,,,"ХЦ6К, Перемыкино"
601220,RU-10124,small_airport,Molodo Airport,69.64046,122.212958,696,AS,RU,RU-SA,,no,,,,,,,
601229,RU-10125,small_airport,Koynas Landing Strip,64.73241,47.661781,,EU,RU,RU-ARK,Koynas,no,,,,,,,
601230,RU-10126,small_airport,Nes Airfield,66.595755,44.66408,23,EU,RU,RU-NEN,Nes,no,,,,,,,
601231,RU-10127,small_airport,Ruchyi Airfield,66.029774,41.211004,,EU,RU,RU-ARK,Ruchyi,no,,,,,,,
601233,RU-10128,small_airport,Kherpuchi Airfield,52.978279,138.82228,,EU,RU,RU-KHA,Kherpuchi,no,,,,,,,
601234,RU-10129,small_airport,Pobeda Airstrip,49.044727,134.31702,,EU,RU,RU-KHA,Pobeda,no,,,,,,,
526854,RU-1013,heliport,KS-9 Maloperanskaya,64.258736,54.893339,,EU,RU,RU-KO,,no,,,,,,,"Bovanenkovo-Ukhta GTS, HELIOPS, GAZPROM, Pipeline, OIL & GAS"
601235,RU-10130,small_airport,Koslan Airport,63.474207,48.845987,,EU,RU,RU-KO,Koslan,no,,,,,,,
601236,RU-10131,small_airport,Troitsko-Pechorsk Airport,62.7319,56.19629,,EU,RU,RU-KO,Troitsko-Pechorsk,no,,,,,,,
601237,RU-10132,small_airport,Yagodnoye Airfield,62.54574,149.52257,1646,AS,RU,RU-MAG,Yagodnoye,no,,,UHGE,,,,"УХГЕ, Ягодное,"
601709,RU-10133,small_airport,Batushkovo Airfield,56.234781,37.555211,100,EU,RU,RU-MOS,Batushkovo town,no,,,,,https://paralet.ru/,,"Batushkovo Airfield, Аэродром Батюшково"
602171,RU-10134,small_airport,Valunistoe (airport),66.421687,177.582464,,AS,RU,RU-CHU,Rudnik Valunisty,no,,,,,,,
602186,RU-10135,small_airport,Valunistoe Mining Complex Airport,66.766633,164.319284,999,AS,RU,RU-CHU,Vesenny,no,,,,,,,
602304,RU-10136,small_airport,Verkhnee Penzhino Airport,64.222657,164.244866,1093,AS,RU,RU-KAM,Penzhinsky District,no,,,,,,,Верхнее Пенжино
602372,RU-10137,closed,Staroe Churilino Airport,56.00922,49.73845,498,EU,RU,RU-TA,Staroe Churilino,no,,,,,,,"ZE5G, Старое Чурилино, бывший, А́рский райо́н"
602706,RU-10138,heliport,NPS Inyakino Heliport,57.583452,37.209272,607,EU,RU,RU-TVE,Kesova Gora,no,,,,HF04,,,"ХФ04, Кесова Гора, НПС Инякино"
604385,RU-10139,small_airport,Preobrazhenka Airfield,53.296747,50.723555,134,AS,RU,RU-SAM,Preobrazhenka,no,,,,ZF7T,,,"ЗФ7Т, Преображенка"
526855,RU-1014,heliport,KS-8 Chikshynskaya,64.906503,56.412424,,EU,RU,RU-KO,Chikshino,no,,,,,,,"Bovanenkovo-Ukhta GTS, HELIOPS, GAZPROM, Pipeline, OIL & GAS"
604386,RU-10140,small_airport,Krasnoarmeyskaya Airfield,45.36807,38.27963,,EU,RU,RU-KDA,,no,,,,ZA65,,,
604387,RU-10141,small_airport,Okhlopkovo Airfield,56.190798,43.082682,,EU,RU,RU-NIZ,,no,,,,UWGO,,,
604388,RU-10142,small_airport,Morozkino Airfield,54.122503,61.685645,702,EU,RU,RU-CHE,Troitsk,no,,,,H270,,,"Х270, Морозкино"
604487,RU-10143,small_airport,Mostovoy Airfield,56.1041,101.43773,1452,AS,RU,RU-IRK,,no,,,UIBM,XIBM,https://vk.com/air_mostovoy,,"УИБМ, ЬИБМ, Мостовой, Bratsk, Братск"
605767,RU-10144,heliport,Ostrovnaya Bay Heliport,42.9697,131.8677,3,AS,RU,RU-PRI,Russkiy,no,,,,,,,U05JD
605768,RU-10145,heliport,Comprehensive Logistics Solutions Heliport,43.07252,131.91977,10,AS,RU,RU-PRI,Vladivostok,no,,,,,,,U08CH
605778,RU-10146,heliport,Ilyino Heliport,55.180308,37.041066,541,EU,RU,RU-MOW,Ilyino,no,,,,HHH6,,,"XXX6, Ильино"
605779,RU-10147,heliport,Rogovo Heliport,55.220167,37.070084,616,EU,RU,RU-MOW,Rogovo,no,,,,HHJ0,,,"ХХЙ0, Рогово"
605784,RU-10148,closed,Uspensky Airstrip,54.426479,38.695253,561,EU,RU,RU-MOS,Uspensky,no,,,,,,,"ЗЕХ8, Успенский, ZEH8"
605786,RU-10149,heliport,Vasyunino Heliport,55.236382,37.014505,623,EU,RU,RU-MOW,Vasyunino,no,,,,HHH5,,,"ХХХ5, Васюнино"
526856,RU-1015,heliport,KS-6 Itinskaya,65.93205,60.365549,,EU,RU,RU-KO,Inta,no,,,,,,,"Bovanenkovo-Ukhta GTS, HELIOPS, GAZPROM, Pipeline, OIL & GAS"
605787,RU-10150,heliport,Chernetske Heliport,55.248274,37.328186,692,EU,RU,RU-MOW,Chernetske,no,,,,HHJ2,,,"ХХЙ2, Чернецкое"
605788,RU-10151,heliport,Kresty Heliport,55.27793,37.123789,710,EU,RU,RU-MOW,Kresty,no,,,,HH08,,,"ХХ08, Кресты"
605789,RU-10152,heliport,Voronovo Heliport,55.319253,37.186517,641,EU,RU,RU-MOW,Voronovo,no,,,,HHJ4,,,"ХХЙ4, Вороново"
605790,RU-10153,heliport,Yuryevka Heliport,55.328274,37.107432,613,EU,RU,RU-MOW,Yuryevka,no,,,,H721,,,"Х721, Юрьевка"
605791,RU-10154,heliport,Klenovo Heliport,55.329964,37.342382,594,EU,RU,RU-MOW,Klenovo,no,,,,HHH8,,,"ХХХ8, Кленово"
605792,RU-10155,heliport,Shchapovo Heliport,55.376744,37.397676,554,EU,RU,RU-MOW,Shchapovo,no,,,,HG8B,,,"ХГ8Б, Щапово"
605793,RU-10156,heliport,Kievsky Heliport,55.417222,36.862623,699,EU,RU,RU-MOW,Kievsky,no,,,,HHH7,,,ХХХ7. Киевский
605794,RU-10157,heliport,Arkhangelskoye Heliport,55.406532,36.914676,674,EU,RU,RU-MOW,Arkhangelskoye,no,,,,HHH3,,,"ХХХ3, Архангельское"
605795,RU-10158,heliport,Belousovo Heliport,55.41046,37.01508,600,EU,RU,RU-MOW,Belousovo,no,,,,HHH4,,,"ХХХ4, Белоусово"
605797,RU-10159,closed,Vasilevo Airstrip [INACTIVE],56.55732,38.58063,664,EU,RU,RU-YAR,Vasilevo,no,,,,,,,"ЗБ0Н, Василёво, ZB0N"
526862,RU-1016,heliport,KS-7 Syninskaya,65.426335,58.40096,,AS,RU,RU-KO,Synya,no,,,,,,,"Bovanenkovo-Ukhta GTS, HELIOPS, GAZPROM, Pipeline, OIL & GAS"
605820,RU-10160,heliport,Mount Vargina Heliport,43.15844,132.01392,1319,AS,RU,RU-PRI,Vladivostok,no,,,,,,,UC9JX
605821,RU-10161,heliport,Cape Markovsky Heliport,43.26177,132.00254,3,AS,RU,RU-PRI,Vladivostok,no,,,,,,,U8SCR
605822,RU-10162,heliport,Ocean Ridge Heliport,43.21785,132.07779,385,AS,RU,RU-PRI,Vladivostok,no,,,,,,,UT4QG
605823,RU-10163,small_airport,Emar Airport,43.19892,132.103,49,AS,RU,RU-PRI,Vladivostok,no,,,,,,,UEMR
605824,RU-10164,heliport,Avialift Vladivostok Heliport,43.38133,132.16949,79,AS,RU,RU-PRI,Artyom,no,,,UHWX,,,,"УХВЬ, Артём, UKCJQ, Авиалифт"
605825,RU-10165,heliport,Ussuriysk Heliport,43.75601,131.99917,161,EU,RU,RU-PRI,Ussuriysk,no,,,,,,,U8F37
605827,RU-10166,heliport,Sergeevka Heliport,44.333498,131.641958,390,AS,RU,RU-PRI,Sergeevka,no,,,,,,,UFHR7
605828,RU-10167,heliport,Pogranichniy Border Heliport,44.41207,131.2845,728,EU,RU,RU-PRI,Pogranichniy,no,,,,,,,USKY8
605839,RU-10168,heliport,Koncel Heliport,56.01155,37.16177,713,EU,RU,RU-MOW,Silino,no,,,,HEH5,,,"ХЕХ5, Концел"
605852,RU-10169,heliport,Konakovo Heliport,55.420408,37.178562,565,EU,RU,RU-MOW,Konakovo,no,,,,HHF4,,,"ХХФ4, Конаково"
526863,RU-1017,heliport,KS-5 Usinskaya,66.59084,62.07756,,AS,RU,RU-KO,,no,,,,,,,"Bovanenkovo-Ukhta GTS, HELIOPS, GAZPROM, Pipeline, OIL & GAS"
608811,RU-10170,small_airport,Kedrovo Airfield,59.228659,39.613689,487,EU,RU,RU-VLG,Kedrovo,no,,,ULWX,ULWX,,,"УЛВЬ, Кедрово"
609943,RU-10171,closed,Pobeda HLS,66.513359,143.028107,591,AS,RU,RU-SA,Pobeda,no,,,,,,,"HAO0, ХАО0, Победа"
609949,RU-10172,heliport,Molodo HLS,69.400932,122.510468,696,EU,RU,RU-SA,,no,,,,HD8P,,,"ХД8П, Молодо"
609963,RU-10173,small_airport,Stadukhino Airfield,66.965897,166.82135,1905,AS,RU,RU-CHU,Stadukhino,no,,,,ZC8P,,,"ЗЦ8П, Стадукхино"
609965,RU-10174,closed,Keptin HLS,62.346352,124.442352,879,AS,RU,RU-SA,Keptin,no,,,,,,,"HAD2, ХАД2, Кептин"
609966,RU-10175,small_airport,Siktyakh HLS,69.912345,125.108014,74,AS,RU,RU-SA,Siktyakh,no,,,,HBY5,,,"ХБЫ5, Сиктях"
610072,RU-10176,closed,Teryut Airfield,64.245684,142.052253,1823,AS,RU,RU-SA,Teryut,no,,,,,,,"ZF8R, ЗФ8Р, Терют"
610078,RU-10177,heliport,Nizhne-Kvakchinskoye Gas Field Helipad,54.689449,155.854202,210,AS,RU,RU-KAM,,no,,,,HGU1,,,"ХГУ1, Нижне-Квакчинскоые"
610305,RU-10178,small_airport,Roshchino Airport,45.90343,134.87632,456,AS,RU,RU-PRI,Roshchino,no,,,UHWR,,,,"УХВР, Рощино"
610568,RU-10179,small_airport,Nudol Airfield,56.0964,36.55477,639,EU,RU,RU-MOS,,no,,,UUCN,,https://www.uucn.ru/,,"УУЦН, Нудоль, Nudol-Sharino, Алексейково"
526968,RU-1018,heliport,Chaika Coal Terminal Helipad,73.379354,80.59003,71,AS,RU,RU-KYA,Dikson,no,,,,,,,"HELIOPS, Mining, Coal, Vostokugol-Dikson"
610684,RU-10180,heliport,South Tabagan Oil Field Heliport,57.291693,78.89163,449,EU,RU,RU-TOM,Yuzhno-Tabaganskaya,no,,,,HJ9U,https://mklogistic.ru/ujnotabaganskoe_mestorojdenie,,"ХЙ9У, Южно-Табаганская"
610868,RU-10181,heliport,Volkovo Helipad,56.772784,33.652684,670,EU,RU,RU-TVE,Volkovo,no,,,,HHL8,,,"ХХЛ8, Волково"
610873,RU-10182,heliport,Zarechye Helipad,59.565535,33.991342,404,EU,RU,RU-LEN,Zarechye,no,,,,HH8G,,,"ХХ8Г, Заречье"
610875,RU-10183,closed,Vskhody Airfield,54.657721,34.149742,617,EU,RU,RU-SMO,Vskhody,no,,,,,,,"ZAY5, ЗАЫ5, Всходы"
610876,RU-10184,closed,Sychevka Airfield,55.840116,34.259269,643,EU,RU,RU-SMO,Sychevka,no,,,,,,,"ZC6S, ЗЦ6С, Сичівка"
610877,RU-10185,closed,Tyotkino Airfield,51.266815,34.298398,519,EU,RU,RU-KRS,"Tyotkino, Glushkovsky",no,,,,,,,"ZAR1, ЗАР1, Тёткино, Tetkino."
610884,RU-10186,closed,Rylsk Airfield,51.554814,34.660726,626,EU,RU,RU-KRS,Rylsk,no,,,,,,,"ZAH2, ЗАХ2, Рыльск"
610887,RU-10187,closed,Soglasiye Airfield,53.086317,34.924813,676,EU,RU,RU-BRY,Soglasiye,no,,,,,,,"ZAM6, ЗАМ6, Согласие"
610888,RU-10188,closed,Taldykino Airfield,52.468498,35.008332,696,EU,RU,RU-ORL,Taldykino,no,,,,,,,"ZC75, ЗЦ75, Талдыкино"
610890,RU-10189,closed,Baturinskaya Airfield,45.810843,39.390197,144,EU,RU,RU-KDA,Baturinskaya,no,,,,,,,"ZD86, ЗД86, Батуринская"
527128,RU-1019,heliport,Khralov junction Helipad,68.486875,69.521978,,AS,RU,RU-YAN,Lidino,no,,,,,,,"HELIOPS, OIL & GAS, Gazprom, Obskaya–Bovanenkovo Railroad"
610896,RU-10190,heliport,Varnek Heliport,69.713314,60.058242,67,EU,RU,RU-NEN,Varnek,no,,,,HE9U,,,"ХЕ9У, Варнек"
610897,RU-10191,heliport,Nord-Avia Heliport,69.39495,88.361712,98,EU,RU,RU-KYA,Valek,no,,,,HE6Y,,,"ХЕ6Ы, Норд-Авиа, Валек"
610898,RU-10192,closed,Veshnyak Helipad,67.10855,41.400902,3,EU,RU,RU-MUR,Veshnyak Island,no,,,,,https://www.lightphotos.net/photos/displayimage.php?cat=0&pid=17264,,"HE1M, ХЕ1М, Остров Вешняк"
610899,RU-10193,heliport,Tumanniy Heliport,69.011358,35.711983,3,EU,RU,RU-MUR,Tumanniy,no,,,,HE0Y,,,"ХЕ0Ы, Туманный"
528461,RU-1020,heliport,Roman Trebs field,68.624032,57.891887,,EU,RU,RU-NEN,Varandey,no,,,,,,,"Oil & Gas, GazpromNeft Shelf, HELIOPS"
528462,RU-1021,heliport,Roman Trebs field,68.609969,57.715387,,EU,RU,RU-NEN,Varandey,no,,,,,,,"Oil & Gas, GazpromNeft Shelf, HELIOPS"
528463,RU-1022,heliport,Roman Trebs field,68.655715,57.699562,,EU,RU,RU-NEN,Varandey,no,,,,,,,"Oil & Gas, GazpromNeft Shelf, HELIOPS"
528464,RU-1023,heliport,Roman Trebs field,68.573372,57.632571,,EU,RU,RU-NEN,Varandey,no,,,,,,,"Oil & Gas, GazpromNeft Shelf, HELIOPS"
528465,RU-1024,heliport,Roman Trebs field,68.501423,57.581502,,EU,RU,RU-NEN,Varandey,no,,,,,,,"Oil & Gas, GazpromNeft Shelf, HELIOPS"
528467,RU-1025,heliport,Roman Trebs field,68.48527,57.753764,,EU,RU,RU-NEN,Varandey,no,,,,,,,"Oil & Gas, GazpromNeft Shelf, HELIOPS"
528468,RU-1026,heliport,Roman Trebs field,68.606995,57.871792,,EU,RU,RU-NEN,Varandey,no,,,,,,,"Oil & Gas, GazpromNeft Shelf, HELIOPS"
528469,RU-1027,heliport,Anatoly Titov field,68.27843,58.650062,,EU,RU,RU-NEN,Varandey,no,,,,,,,"Oil & Gas, GazpromNeft Shelf, HELIOPS"
528470,RU-1028,heliport,Anatoly Titov field,68.295097,58.650266,,EU,RU,RU-NEN,Varandey,no,,,,,,,"Oil & Gas, GazpromNeft Shelf, HELIOPS"
528546,RU-1029,heliport,Madachagckaya-2,68.762346,57.673632,,EU,RU,RU-NEN,Varandey,no,,,,,,,"HELIOPS, Oil & Gas, GazpromNeft Shelf"
528575,RU-1030,heliport,Okha Fish Processing Plant Helipad,53.573824,142.967716,,AS,RU,RU-SAK,Okha,no,,,,,,,OOO Okha
528576,RU-1031,heliport,Schlumberger East Heliport,53.610942,142.968382,58,AS,RU,RU-SAK,Okha,no,,,,,,,
533238,RU-1032,closed,Chayvo BKP Heliport (Old),52.501556,143.17239,16,AS,RU,RU-SAK,Chayvo,no,,,,,,,"Oil & Gas, Exxon Neftegas, HELIOPS, Chayvo field Onshore Processing Facility (OPF/BKP), Sakhalin-I project"
533239,RU-1033,heliport,Chayvo Drillsite Heliport,52.480441,143.288573,,EU,RU,RU-SAK,Chayvo,no,,,,,,,"Oil & Gas, Exxon Neftegas, HELIOPS, Chayvo inshore field drillsite (Krechet rig), Sakhalin-I project"
533241,RU-1034,heliport,Odoptu BKP & North Drillsite Heliport,53.153282,143.260839,35,AS,RU,RU-SAK,Odoptu,no,,,,,,,"Oil & Gas, Exxon Neftegas, HELIOPS, Odoptu BKP & North Drillsite inshore field (Yastreb rig), Sakhalin-I project"
533244,RU-1035,heliport,Odoptu South Drillsite Heliport,53.059084,143.270817,,AS,RU,RU-SAK,Odoptu,no,,,,,,,"Oil & Gas, Exxon Neftegas, HELIOPS, Odoptu South Drillsite inshore field (ex Yastreb rig), Sakhalin-I project"
533247,RU-1036,heliport,Neftegorsk Helipad,52.978248,143.129679,120,AS,RU,RU-SAK,Neftegorsk,no,,,,,,,"Oil & Gas, Exxon Neftegas, HELIOPS, Neftegorsk onshore field, Sakhalin-I project"
534358,RU-1037,heliport,Gyda-2 Heliport,70.890167,78.471249,3,EU,RU,RU-YAN,Gyda,no,,,,HJ3S,,,"ХЙ3С, Гыда"
534359,RU-1038,heliport,Gyda Heliport,70.894925,78.502503,23,EU,RU,RU-YAN,Gyda,no,,,,HJ3R,,,"ХЙ3Р, Гыда"
537120,RU-1039,heliport,Kanchalan Heliport,65.174988,176.761193,92,AS,RU,RU-CHU,Kanchalan,no,,,,,,,
540705,RU-1040,heliport,Pes Heliport,58.90442,34.357007,597,EU,RU,RU-NGR,Pes,no,,,,HG4Q,,,"ХГ4Я, Песь"
542230,RU-1041,heliport,Aleysk Heliport,52.485779,82.708771,644,EU,RU,RU-ALT,Aleysk,no,,,,HG1X,,,"ХГ1Ь, Алейск"
543467,RU-1042,closed,Arctic LNG 2 Construction Yard Helipad,69.086598,33.224776,,EU,RU,RU-MUR,Belokamelka,no,,,,,,,"Oil & Gas, NOVATEK, Heliops"
543468,RU-1043,heliport,Arctic LNG 2 Construction Yard Heliport,69.089797,33.230432,,EU,RU,RU-MUR,Belokamelka,no,,,,,,,"Oil & Gas, NOVATEK, Heliops"
543469,RU-1044,heliport,Guba Ara Remote Helipad,69.355108,32.817851,,EU,RU,RU-MUR,Vidyaevo,no,,,,,,,"Northern Fleet, Russian Navy"
543471,RU-1045,heliport,Guba Ara Submarine Base Helipad,69.383769,32.78951,,EU,RU,RU-MUR,Vidyaevo,no,,,,,,,"Northern Fleet, Russian Navy"
543493,RU-1046,heliport,Skalisty Submarine Base Helipad,69.263263,33.345761,,EU,RU,RU-MUR,Gadzhiyevo,no,,,,,,,"Northern Fleet, Russian Navy, Heliops"
543496,RU-1047,heliport,Polyarny Helipad,69.186391,33.45627,,EU,RU,RU-MUR,Polyarny,no,,,,,,,"Northern Fleet, Russian Navy, Heliops"
543497,RU-1048,heliport,Guba Olenya Naval Base Helipad,69.214888,33.383465,,EU,RU,RU-MUR,Snezhnogorsk,no,,,,,,,"Northern Fleet, Russian Navy, Heliops"
543499,RU-1049,heliport,Guba Olenya Remote Helipad,69.210072,33.373195,,EU,RU,RU-MUR,Snezhnogorsk,no,,,,,,,"Northern Fleet, Russian Navy, Heliops"
543500,RU-1050,heliport,Kuvshinskaya Salma Helipad,69.306336,33.42163,,EU,RU,RU-MUR,Kuvshinskaya Salma,no,,,,,,,Heliops
567070,RU-1051,small_airport,Aereodromo Borovaya(Боровая),61.244065,73.322221,,AS,RU,RU-TYU,Surgut (Сургу́т),no,,,,,https://www.aviabarsov.com/,,
569522,RU-1052,heliport,Zelenyy Helicopter Base,48.78055,44.68623,,EU,RU,RU-VGG,,no,,,,,,,
569609,RU-1053,heliport,Zeleniy Mys Heliport,56.091972,37.633263,559,EU,RU,RU-MOS,Rumyantsevo,no,,,,HA6S,,,"ХА6С, Румянцево"
569630,RU-1054,heliport,Kozlinyy Ostrov Helipad,60.442305,27.792773,,EU,RU,RU-LEN,Kozlinyy Ostrov (Козлиный остров),no,,,,,,,
569634,RU-1055,heliport,Zheleznovskiy poluostrov Helipad,60.531929,27.795588,,EU,RU,RU-LEN,Zheleznovskiy poluostrov (Железновский полуостров),no,,,,,,,
569637,RU-1056,heliport,Ostrov Mayak Helipad,60.20828,27.640918,30,EU,RU,RU-LEN,Ostriv Mayak (Остров Маяк),no,,,,H312,,https://en.wikipedia.org/wiki/Sommers_Light,"Х312, Sommers Island, Остров Соммерс"
569641,RU-1057,heliport,Gogland Island Heliport,60.088055,26.970351,91,EU,RU,RU-LEN,Gogland (Гогланд),no,,,,HE2X,,,ХЕ2Ь
569643,RU-1058,heliport,Gogland Northern Cape Helipad,60.10448,26.957895,,EU,RU,RU-LEN,Gogland (Гогланд),no,,,,,,,
569647,RU-1059,heliport,Ostrov Moshchny Helipad,60.022151,27.825105,,EU,RU,RU-LEN,Ostrov Moshchny (Остров Мощный),no,,,,,,,
569649,RU-1060,closed,Lavansaari Airfield,60.001707,27.856435,,EU,RU,RU-LEN,Ostrov Moshchny (Остров Мощный),no,,,,,https://www.forgottenairfields.com/airfield-lavansaari-749.html,,
569886,RU-1061,heliport,Seskar Lighthouse (Маяк Сескар) Helipad,60.03384,28.361819,,EU,RU,RU-LEN,Ostrov Seskar (Остров Сескар),no,,,,,,https://lh5.googleusercontent.com/p/AF1QipPCUQXEZbCQWims_-yxwxNC6FzXIG1QiT_Lb5IS=s1024,
569894,RU-1062,heliport,Zyryanskoye Heliport,56.823334,86.670547,335,EU,RU,RU-TOM,Zyryansky,no,,,,HD9M,,,"ХД9М, Зырянское"
569898,RU-1063,heliport,Zvanets Heliport,59.159416,36.031616,384,EU,RU,RU-VLG,Yasnoye,no,,,,H939,,,"Х939, Баба́евский"
570165,RU-1064,small_airport,Prigorodnoye Airfield,44.2273,42.10827,2047,EU,RU,RU-KC,Prigorodnoye,no,,,,,,,
570167,RU-1065,small_airport,Progress Airfield,44.881707,40.232148,522,EU,RU,RU-AD,Progress,no,,,,,,,
570168,RU-1066,small_airport,Takhtamukay Airfield,44.89457,39.01931,118,EU,RU,RU-AD,Takhtamukay,no,,,,,,,
570170,RU-1067,small_airport,Voronezhskaya Airfield,45.24142,39.55752,223,EU,RU,RU-KDA,Voronezhskaya,no,,,,,,,
571551,RU-1068,small_airport,Yefimov Airstrip,57.02799,38.06476,,EU,RU,RU-MOS,,no,,,,,,,
571730,RU-1069,heliport,Baykalovskaya Heliport,70.736222,83.633927,61,EU,RU,RU-KYA,Baykalovsk,no,,,,HJ25,,,"ХЙ25, Байкаловск"
571741,RU-1070,heliport,Port Valek Heliport,69.413519,88.288028,134,EU,RU,RU-KYA,Valek,no,,,,HJ2G,,,"ХЙ2Г, Валек"
34995,RU-1071,medium_airport,Kamensk-Uralskiy Air Base,56.436699,61.986698,560,AS,RU,RU-SVE,Kamensk Uralskiy,no,,,,,,https://en.wikipedia.org/wiki/Kamensk_Uralskiy,"Kamensk Uralskiy Air Base, Travyanka Air Base, Аэродром Каменск-Уральский, Аэродром Травянка, ЬССУ"
575256,RU-1072,small_airport,Marinskoye Airfield,51.72496,140.229401,108,AS,RU,RU-KHA,Marinskoye,no,,,,,,,
575257,RU-1073,heliport,Rybnovsk Heliport,53.27741,141.78912,20,AS,RU,RU-SAK,Rybnovsk,no,,,,,,,
35037,RU-1110,small_airport,Monchegorsk Air Base,67.986702,33.018299,548,EU,RU,RU-MUR,Monchegorsk,no,,,,XLMG,,https://en.wikipedia.org/wiki/Monchegorsk_(air_base),"Аэродром Мончегорск, ЬЛМГ"
35117,RU-1221,small_airport,Vozzhayevka Air Base,50.77,128.776993,738,AS,RU,RU-AMU,Vozzhayevka,no,,,,XHBW,,https://en.wikipedia.org/wiki/Vozzhayevka,"ЬХБВ, Возжаевка"
34973,RU-1241,closed,Dno Air Base,57.78329849243164,29.966699600219727,253,EU,RU,RU-PSK,Dno,no,,,,,,https://en.wikipedia.org/wiki/Dno_(air_base),
35011,RU-1480,closed,Kryuchkovo Air Base,57.06829833984375,35.50830078125,,EU,RU,RU-TVE,Tver,no,,,,,,https://en.wikipedia.org/wiki/Kryuchkovo,
34974,RU-1507,closed,Dobrynskoye Air Base,56.244999,40.591702,430,EU,RU,RU-VLA,Vladimir,no,,,,,,https://en.wikipedia.org/wiki/Dobrynskoye,"Dobrynskoe Air Base, Аэродром Добрынское, XUDD"
35042,RU-1777,small_airport,Nerchinsk Air Base,52,116.532997,1575,AS,RU,RU-ZAB,Nerchinsk,no,,,XIAN,,,https://en.wikipedia.org/wiki/Nerchinsk_Airport,
34975,RU-1892,medium_airport,Dolinsk-Sokol Air Base,47.2617,142.768005,95,AS,RU,RU-SAK,Dolinsk,no,,,XHSO,,,https://en.wikipedia.org/wiki/Dolinsk-Sokol_(air_base),"Kabata Airfield, Ochiai Airfield, Otani Airfield"
35014,RU-2070,small_airport,Logovushka Airfield,55.4109992980957,64.94300079345703,499,AS,RU,RU-KGN,Kurgan,no,,,,,http://kack.narod.ru/,https://en.wikipedia.org/wiki/Kurgan_West,Аэродром Логовушка
35102,RU-2244,small_airport,Ukrainka Air Base,51.169997,128.445007,771,AS,RU,RU-AMU,Belogorsk,no,,,,XHBU,,https://en.wikipedia.org/wiki/Ukrainka_(air_base),"ЬХБУ, Украинка"
34990,RU-2249,small_airport,Gromovo Air Base,60.713299,30.1117,230,EU,RU,RU-LEN,Gromovo,no,,,,XLLJ,,https://en.wikipedia.org/wiki/Gromovo,"Аэродром Громово, Sakkola"
35069,RU-2344,medium_airport,Samara Kryazh Air Base,53.108299,50.098301,105,AS,RU,RU-SAM,Samara,no,,,,,,https://en.wikipedia.org/wiki/Samara_Kryazh_Airport,
34978,RU-2383,small_airport,Dombarovskiy Air Base,50.799999,59.516701,869,AS,RU,RU-ORE,Dombarovskiy,no,,,XWTD,,,https://en.wikipedia.org/wiki/Dombarovsky,"Dombarovsky Air Base, Dombarovka Air Base, Аэродром Домбаровский, Аэродром Домбаровка, UWOJ"
35062,RU-2504,closed,Reshma Air Base,57.426700592041016,42.43000030517578,410,EU,RU,RU-IVA,Kinesma,no,,,,,,https://en.wikipedia.org/wiki/Reshma_(air_base),
34989,RU-2510,small_airport,Greem Bell Air Base,81.15,64.33,30,EU,RU,RU-ARK,Graham Bell Island,no,,,,XLDG,,https://en.wikipedia.org/wiki/Greem_Bell,"Graham Bell Airbase, Аэродром Греэм Белл, Аэродром Грээм Белл, ЬЛДГ"
35100,RU-2824,closed,Uka Airport,57.928841,162.020753,10,AS,RU,RU-KAM,Uka,no,,,,,,https://en.wikipedia.org/wiki/Uka_Airport,"ЗАТ9, ZAT9"
34983,RU-2844,medium_airport,Dzhida Air Base,50.677425,106.138573,1968,AS,RU,RU-BU,Dzhida,no,,,UIID,,,https://en.wikipedia.org/wiki/Dzhida,"Аэродром Джида, ЬИИД"
35077,RU-3095,closed,Shadrinsk Air Base,56.039207,63.681995,459,EU,RU,RU-KGN,Shadrinsk,no,,,,,,https://en.wikipedia.org/wiki/Shadrinsk_(air_base),"XSCD, ЬСЦД, Ша́дринск"
35096,RU-3106,closed,Tiksi North Air Base,72.0383,128.472,66,AS,RU,RU-SA,Tiksi,no,,,,,,https://en.wikipedia.org/wiki/Tiksi_North,"ZC8L, ЗЦ8Л, Ти́кси"
35105,RU-3288,closed,Umbozero Air Base,67.513427,34.30687,518,EU,RU,RU-MUR,Umbozero,no,,,,,,https://en.wikipedia.org/wiki/Umbozero_(air_base),XLMU
35056,RU-3463,closed,Poduzhemye Air Base,64.91829681396484,34.26499938964844,157,EU,RU,RU-KR,,no,,,,,,https://en.wikipedia.org/wiki/Poduzhemye,"Kem/Uzhmana, Uzhmana"
35027,RU-3540,closed,Luostari Air Base,69.400002,30.9883,249,EU,RU,RU-MUR,Zapolyarnyj,no,,,,,,https://en.wikipedia.org/wiki/Luostari/Pechenga_(air_base),"Pechenga, Korzunovo Air Base, Аэродром Луостари, Аэродром Корзуново, XLML"
35116,RU-3686,medium_airport,Oreshkovo Airfield,54.467731,36.073685,545,EU,RU,RU-KLU,Kaluga,no,,,UUFO,,,https://en.wikipedia.org/wiki/Vorotynsk_(air_base),"УУФО, Oreshkovo Air Base, Аэродром Воротынск, Аэродром Орешково"
35020,RU-3693,closed,Letneozerskiy Air Base,63.389999,40.3983,325,EU,RU,RU-ARK,Obozerskiy,no,,,,,,https://en.wikipedia.org/wiki/Letneozerskiy,"Obozerskiy Southeast, Letneozersky, XLAB, ЬЛАБ, Летнеозерский"
35075,RU-3709,medium_airport,Bagay-Baranovka Air Base,52.139652,46.969387,125,AS,RU,RU-SAR,Sennoy,no,,,XWSB,,,https://en.wikipedia.org/wiki/Sennoy_(airport),"Sennaya Air Base, Sennoy Air Base, Аэродром Багай-Барановка, Аэродром Сенная, ЬВСБ"
35076,RU-3869,closed,Severny Air Base,51.06669998168945,61.483299255371094,850,AS,RU,RU-ORE,Orsk,no,,,,,,https://en.wikipedia.org/wiki/Severny_(air_base),
34996,RU-3880,medium_airport,Kansk Air Base,56.123299,95.6633,1037,AS,RU,RU-KYA,Kansk,no,,,XNKG,,,https://en.wikipedia.org/wiki/Kansk_(air_base),"Kansk Dalniy Air Base, Аэродром Канск, Аэродром Канск-Дальний, ЬНКГ"
34979,RU-4111,small_airport,Domna Air Base,51.916479,113.121444,2280,AS,RU,RU-ZAB,Chita,no,,,,XIAD,,https://en.wikipedia.org/wiki/Domna,"ЬИАД, Домна"
35024,RU-4244,closed,Loukhi-3 Air Base,66.055,32.7967,328,EU,RU,RU-KR,Loukhi,no,,,,,,https://en.wikipedia.org/wiki/Loukhi-3,"ЬЛПЛ, Лоухи-3, XLPL"
35094,RU-4339,medium_airport,Tambov Air Base,52.700626,41.374168,554,EU,RU,RU-TAM,Tambov,no,,,,XUOM,,https://en.wikipedia.org/wiki/Tambov_(air_base),
35044,RU-4388,closed,Nurmalitsy Air Base,61.04499816894531,32.97829818725586,105,EU,RU,RU-KR,Olonec,no,,,,,,https://en.wikipedia.org/wiki/Nurmalitsy,
34972,RU-4421,medium_airport,Danilovo Air Base,56.66,48.033298,384,AS,RU,RU-ME,Yoshkar Ola,no,,,XWKD,,,https://en.wikipedia.org/wiki/Danilovo,
35046,RU-4464,medium_airport,Olenya Air Base,68.151802,33.463902,702,EU,RU,RU-MUR,Olenegorsk,no,,,,XLMO,,https://en.wikipedia.org/wiki/Olenya_(air_base),"ЬЛМО, Оленья, Olenegorsk"
35063,RU-4536,medium_airport,Rogachyovo Air Base,71.616699,52.478298,272,EU,RU,RU-ARK,Belaya,no,,,ULDA,,http://www.belushka.narod.ru/main.htm,https://en.wikipedia.org/wiki/Rogachevo_(air_base),"Rogachevo Air Base, Belushya Air Base, Rogachovo Air Base, Аэродром Рогачёво, Аэродром Рогачево, Аэродром Белушья"
35079,RU-4609,medium_airport,Shatalovo Air Base,54.34,32.473301,630,EU,RU,RU-SMO,Pochinok,no,,,,XUBV,,https://en.wikipedia.org/wiki/Shatalovo,"ЬУБЖ, Шаталово"
34968,RU-4827,medium_airport,Cheryomushki Air Base,52.072963,113.433267,2221,AS,RU,RU-ZAB,Chita,no,,,UIAI,,,https://en.wikipedia.org/wiki/Chita_Northwest,"Chita-2 Air Base, Chita Northwest Air Base, Аэродром Черёмушки, Аэродром Черемушки, Аэродром Чита-2"
35005,RU-4936,small_airport,Klyuchi Air Base,56.30976,160.804541,499,AS,RU,RU-KAM,Klyuchi,no,,,,XHPL,,https://en.wikipedia.org/wiki/Klyuchi_(air_base),"ЬХПЛ, Ключи"
34970,RU-4948,small_airport,Lyuban Chudovo Airfield,59.2383,31.27,164,EU,RU,RU-LEN,Lyuban,no,,,,ULLX,,https://en.wikipedia.org/wiki/Chudovo_(air_base),"Lyuban, Аэродром Чудово, Аэродром Любань, УЛЛЬ"
34997,RU-4972,closed,Karaksar Air Base,51.28329849243164,115.8499984741211,2051,AS,RU,RU-ZAB,Olovyannaya,no,,,,,,https://en.wikipedia.org/wiki/Karaksar,
34971,RU-5105,medium_airport,Chuguyevka Air Base,44.083302,133.867996,1001,AS,RU,RU-PRI,Chuguyevka,no,,,XHIS,,,https://en.wikipedia.org/wiki/Chuguyevka,
35004,RU-5186,small_airport,Klin Air Base,56.36669921875,36.73830032348633,538,EU,RU,RU-MOS,Klin,no,,,,,,https://en.wikipedia.org/wiki/Klin_(air_base),
35071,RU-5259,heliport,Saratov Sokol Airfield,51.540901,45.848499,945,AS,RU,RU-SAR,Saratov,no,,,,,,https://en.wikipedia.org/wiki/Saratov_West,"Saratov West Airfield, Аэродром Саратов-Сокол"
35000,RU-5276,closed,Kilpyavr Air Base,69.09521,32.401473,305,EU,RU,RU-MUR,Murmansk,no,,,,,,https://en.wikipedia.org/wiki/Kilpyavr_(air_base),"Kilp-Yavr, Kil'p-Yar, Kilp-Yar, Kilpyarvi, Kilpajärvi, Килпъявр, Килп-Явр, УЛМВ, ЬЛМВ, XLMW"
35110,RU-5302,closed,Verkhnaya Zaimka Air Base,55.82500076293945,110.0979995727539,1539,AS,RU,RU-BU,Nizhneangarsk,no,,,,,,https://en.wikipedia.org/wiki/Verkhnaya_Zaimka,
35084,RU-5376,medium_airport,Smuravyovo Air Base,58.814999,28.0133,200,EU,RU,RU-PSK,Gdov,no,,,,XLLG,,https://en.wikipedia.org/wiki/Smuravyevo,"Smuravyevo Air Base, Аэродром Смуравьёво, Аэродром Смуравьево"
35120,RU-5491,small_airport,Yugoryonok Airport,59.761191,137.682703,1001,AS,RU,RU-SA,Yugoryonok,no,,,UEEK,,,https://en.wikipedia.org/wiki/Yugarenok_Airport,"УЕЕК, Yugorеnok Airport, Аэропорт Югорёнок, Аэропорт Югоренок"
35082,RU-5537,closed,Slavgorod South Air Base,52.955002,78.635002,322,AS,RU,RU-ALT,Slavgorod,no,,,,,,https://en.wikipedia.org/wiki/Slavgorod_(air_base),"Slavgorod Yuzhniy Air Base, Аэродром Славгород Южный"
34993,RU-5672,medium_airport,Ivanovo North Air Base,57.0583,40.981701,449,EU,RU,RU-IVA,Ivanovo,no,,,,XUDI,,https://en.wikipedia.org/wiki/Ivanovo_Severny,"Ivanovo Severny Air Base, Zhukovka, ЬУДИ"
35055,RU-6031,closed,Petrovsk Air Base,52.273,45.386669,656,AS,RU,RU-SAR,,no,,,,,,https://en.wikipedia.org/wiki/Petrovsk_(air_base),"XWPP, ЬВПП, Петро́вск"
35035,RU-6088,closed,Mengon Air Base,50.033298,136.300003,164,AS,RU,RU-KHA,Elban,no,,,,,,https://en.wikipedia.org/wiki/Mengon,
35033,RU-6099,closed,Maysionvara Air Base,62.279998779296875,32.41669845581055,663,EU,RU,RU-KR,Suojarvi,no,,,,,,https://en.wikipedia.org/wiki/Maysionvara,
35018,RU-6153,closed,Lenino Air Base,52.910248,156.879702,203,AS,RU,RU-KAM,Lenino,no,,,,,,https://en.wikipedia.org/wiki/Lenino_(air_base),"ЗА75, Ленино, ZA75"
35025,RU-6219,small_airport,Lovozero Airfield,68.021698,35,499,EU,RU,RU-MUR,Lovozero,no,,,ULML,,,https://en.wikipedia.org/wiki/Lovozero_(air_base),"Аэропорт Ловозеро, УЛМЛ"
35031,RU-6313,closed,Marienkhof Air Base,54.865002,20.184999,190,EU,RU,RU-KGD,Pionersky,no,,,,,,https://en.wikipedia.org/wiki/Marienkhof,"ZA7X, ЗА7Ь, Dunayevka Air Base, Dunaevka Air Base, Аэродром Дунаевка"
35048,RU-6542,small_airport,Orenburg Air Base,51.709057,55.020046,367,AS,RU,RU-ORE,Orenburg,no,,,XWON,,,https://en.wikipedia.org/wiki/Orenburg_(air_base),
34998,RU-6553,closed,Khada Bulak Air Base,50.599998474121094,116.38300323486328,2339,AS,RU,RU-ZAB,Sherlovaya Gora,no,,,,,,https://en.wikipedia.org/wiki/Khada_Bulak,
35029,RU-6558,medium_airport,Lyambir Air Base,54.28499984741211,45.16830062866211,653,EU,RU,RU-MO,Saransk,no,,,,,,https://en.wikipedia.org/wiki/Lyambir,"Ljambr, Ljambir, Лямбирь"
35103,RU-6560,medium_airport,Ulan-Ude East Airport,51.849998,107.737999,1670,AS,RU,RU-BU,Ulan Ude,no,,,XIUW,,,https://en.wikipedia.org/wiki/Ulan-Ude_Vostochny_Airport,"Ulan-Ude Vostochny Airport, Аэропорт Улан-Удэ Восточный"
35036,RU-6687,medium_airport,Michurinsk Air Base,52.917455,40.365826,538,EU,RU,RU-TAM,Michurinsk,no,,,,XUWM,,https://en.wikipedia.org/wiki/Michurinsk_(air_base),"ЬУВМ, Мичуринск, Michurinsk Northwest, Kozlov"
34992,RU-6699,closed,Idritsa Air Base,56.34830093383789,28.893299102783203,443,EU,RU,RU-PSK,Idritsa,no,,,,,,https://en.wikipedia.org/wiki/Idritsa,
35072,RU-6878,small_airport,Savasleyka Air Base,55.439692,42.308988,335,EU,RU,RU-NIZ,Vykska,no,,,,XUDE,,https://en.wikipedia.org/wiki/Savasleyka_air_base,"ЬУДЕ, Саваслейка, Savasleika, Savastleyka, Savostleyka, Murom"
35043,RU-6960,closed,Nivenskoye Air Base,54.562333,20.603224,66,EU,RU,RU-KGD,Kaliningrad,no,,,,,,https://en.wikipedia.org/wiki/Nivenskoye,"XMWN, ЬМВН, Нивенское"
35032,RU-7218,small_airport,Matrosovo Air Base,49.401699,142.882996,335,AS,RU,RU-SAK,Leonidovo,no,,,,XHST,,https://en.wikipedia.org/wiki/Matrosovo,ЬХСТ. Матросово
35007,RU-7444,small_airport,Koshka Yavr Air Base,69.251701,31.196698,495,EU,RU,RU-MUR,Zapolyarnyj,no,,,,XLMY,,https://en.wikipedia.org/wiki/Koshka_Yavr,
35058,RU-7519,closed,Povorino Air Base,51.089886,42.175312,299,EU,RU,RU-VGG,Povorino,no,,,,,,https://en.wikipedia.org/wiki/Povorino_(air_base),"ZC8Z, ЗЦ8З, Пово́рино"
35097,RU-7565,closed,Tiksi West Air Base,71.693298,128.682999,195,AS,RU,RU-SA,Tiksi,no,,,,,,https://en.wikipedia.org/wiki/Tiksi_West,
35088,RU-7576,medium_airport,Step Air Base,51.020051,115.431016,2050,AS,RU,RU-ZAB,Chita,no,,,XIAS,,,https://en.wikipedia.org/wiki/Step_(air_base),"ЬИАС, Степь, Чита"
34988,RU-7612,closed,Gorny Air Base,51.75,48.63330078125,476,EU,RU,RU-SAR,"Gorny, Saratov Oblast",no,,,,,,https://en.wikipedia.org/wiki/Gorny_(air_base),
35003,RU-7673,closed,Klimovo Air Base,52.34,32.169998,594,EU,RU,RU-BRY,Klimovo,no,,,,,,,"XUWI, ЬУВИ, Климово, Кли́мово"
35067,RU-7741,small_airport,Salka Airfield,57.9883,60.235001,886,AS,RU,RU-SVE,Nizhny Tagil,no,,,XSSN,,,https://en.wikipedia.org/wiki/Salka_Airport,"Аэродром Салка, ЬССН"
35101,RU-7847,closed,Ukkurey Air Base,52.333302,116.833,1900,AS,RU,RU-ZAB,Chernysevsk,no,,,,,,https://en.wikipedia.org/wiki/Ukkurey,
35121,RU-7911,medium_airport,Yugorsk Sovetsky Air Base,61.268299,63.138302,374,AS,RU,RU-KHM,Yugorsk,no,,,XSSJ,,,https://en.wikipedia.org/wiki/Yugorsk_Sovetsky,
35106,RU-7978,medium_airport,Uprun Air Base,54.375,61.353298,774,AS,RU,RU-CHE,Uvelsky,no,,,USCU,,,https://en.wikipedia.org/wiki/Uvelsky_(air_base),"Uvelsky Air Base, Аэродром Упрун, ЬСЦУ"
35111,RU-8226,closed,Vetrovoye Air Base,45.251701,148.311996,59,AS,RU,RU-SAK,Kurilsk,no,,,,,,https://en.wikipedia.org/wiki/Vetrovoye,"ZAX3, ЗАЬ3, Ветровое, Shibekoro, Sopochnyy Southwest"
35115,RU-8363,medium_airport,Voronezh Baltimore Air Base,51.62,39.14,502,EU,RU,RU-VOR,Voronezh,no,,,,XUOW,,https://en.wikipedia.org/wiki/Voronezh_Malshevo,"Malshevo, Malyshevo, Voronezh Southwest, Аэродром Балтимор, ЬУОВ"
35078,RU-8499,medium_airport,Sharomy Air Base,54.294492,158.151505,489,AS,RU,RU-KAM,Sharomy,no,,,,XHPN,,https://en.wikipedia.org/wiki/Sharomy,"ЬХПН, Шаромы, UYEL"
34984,RU-8602,medium_airport,Engels Air Base,51.480499,46.215,121,AS,RU,RU-SAR,Saratov,no,,,,,,https://en.wikipedia.org/wiki/Engels-2,Аэродром Энгельс
35099,RU-8604,small_airport,Totskoye Air Base,52.501701,52.779999,295,AS,RU,RU-ORE,Totskoye,no,,,,XWOT,,https://en.wikipedia.org/wiki/Totskoye_(air_base),"Тоцкое, ЬВОТ"
34980,RU-8709,closed,Dorokhovo Air Base,57.724998,36.651699,469,EU,RU,RU-TVE,Bezhetsk,no,,,,,,https://en.wikipedia.org/wiki/Dorokhovo_(air_base),"Bezhetsk, Dorokhov, XUED"
35095,RU-8914,closed,Tambovka Air Base,50.1349983215332,128.072998046875,420,AS,RU,RU-AMU,Tambovka,no,,,,,,https://en.wikipedia.org/wiki/Tambovka,
35054,RU-8964,closed,Beryozovka Air Base,65.055,56.673302,299,AS,RU,RU-KO,Pechora,no,,,,,,https://en.wikipedia.org/wiki/Pechora_Kamenka,"XUYR, ЬУЫР, Berezovka Air Base, Kamenka Air Base, Аэродром Берёзовка, Аэродром Березовка, Аэродром Каменка"
35119,RU-8974,small_airport,Yaroslavl Levtsovo,57.729377,40.046008,331,EU,RU,RU-YAR,Yaroslavl,no,,,,UUBX,http://avialevcovo.ru/,https://en.wikipedia.org/wiki/Yaroslavl_Levtsovo,
35114,RU-9129,medium_airport,Vorkuta Sovetskiy Air Base,67.463303,64.306702,630,AS,RU,RU-KO,Vorkuta,no,,,,,,https://en.wikipedia.org/wiki/Vorkuta_Sovetskiy,Vorkuta East
35008,RU-9241,small_airport,Krapivnya Airfield,57.076698303222656,33.388301849365234,,EU,RU,RU-TVE,Zdanovo,no,,,,,,https://en.wikipedia.org/wiki/Krapivnya,Аэродром Крапивня
34985,RU-9300,closed,Engozero Air Base,65.86669921875,33.93330001831055,335,EU,RU,RU-KR,Louhi,no,,,,,,https://en.wikipedia.org/wiki/Engozero_(airport),
35010,RU-9345,medium_airport,Krechevitsy Air Base,58.625,31.385,100,EU,RU,RU-NGR,Novgorod,no,ULLK,,ULLK,XLLK,,https://en.wikipedia.org/wiki/Krechevitsy_Airport,"УЛЛК, ЬЛЛК, Аэродром Кречевицы"
35123,RU-9545,closed,Zherdevka Air Base,51.833302,41.549999,489,EU,RU,RU-TAM,Zherdevka,no,,,,,,https://en.wikipedia.org/wiki/Zherdevka_(air_base),"Zerdevka, ZB08, Жердевка"
35034,RU-9561,closed,Medyn-Aduyevo Air Base,55.003299713134766,35.994998931884766,636,EU,RU,RU-KLU,Kaluga,no,,,,,,https://en.wikipedia.org/wiki/Medyn-Aduyevo,
35091,RU-9587,closed,Sumsk Air Base,59.30500030517578,29.09670066833496,299,EU,RU,RU-LEN,Volosovo,no,,,,,,https://en.wikipedia.org/wiki/Sumsk_(air_base),
35050,RU-9754,closed,Ostrov Bolshevik Air Base,78.584999,100.995003,965,AS,RU,RU-KYA,Ostrov Bolshevik,no,,,,,,https://en.wikipedia.org/wiki/Ostrov_Bolshevik,
35066,RU-9937,medium_airport,Rzhev Air Base,56.259998,34.408298,636,EU,RU,RU-TVE,Rzhev,no,,,,XUER,,https://en.wikipedia.org/wiki/Rzhev_(air_base),
35080,RU-9942,medium_airport,Shaykovka Air Base,54.2267,34.3717,666,EU,RU,RU-KLU,Kirov,no,,,,XUBJ,,https://en.wikipedia.org/wiki/Shaykovka,"Шайковка, ЬУБЙ"
35002,RU-9990,closed,Kirsanov Air Base,52.666698,42.6833,584,EU,RU,RU-TAM,Kirsanov,no,,,,,,https://en.wikipedia.org/wiki/Kirsanov_(air_base),XUWK
6518,RU-9991,closed,Rostov-on-Don Airport,47.258203,39.8181,280,EU,RU,RU-ROS,Rostov-on-Don,no,,,,,http://rnd-airport.ru/,https://en.wikipedia.org/wiki/Rostov-on-Don_Airport,"ROV, Аэропорт Ростов-на-Дону, Rostov-na-Donu Airport, URRR, RVI"
26410,RU-9992,closed,Saratov Central Airport,51.564999,46.0467,,AS,RU,RU-SAR,,no,,,,,,https://en.wikipedia.org/wiki/Saratov_Central_Airport,"Saratov Tsentralny Airport, Аэропорт Центральный, UWSS, RTW"
30125,RU-9993,closed,Maykop Airport,44.649374,40.096908,679,EU,RU,RU-AD,Maykop,no,,,,,,,"URKM, URKM"
30762,RU-9994,closed,Bykovo Airport,55.616979,38.059995,427,EU,RU,RU-MOS,Moscow,no,,,,,,https://en.wikipedia.org/wiki/Bykovo_Airport,"BKA, УУББ, Аэропорт Быково, UUBB"
31520,RU-9995,closed,Magdagachi Airport,53.472467,125.798094,1211,AS,RU,RU-AMU,Magdagachi,no,,,,,,https://en.wikipedia.org/wiki/Magdagachi_Airport,"UHBI, GDG"
32019,RU-9996,closed,Neftekamsk Airport,56.106899,54.347198,456,AS,RU,RU-BA,Neftekamsk,no,,,,,,https://en.wikipedia.org/wiki/Neftekamsk_Airport,"УВУФ, Нефтекамск, UWUF, NEF"
32091,RU-9997,closed,Oryol Yuzhny Airport,52.9347,36.002201,656,EU,RU,RU-ORL,Orel,no,,,,,,https://en.wikipedia.org/wiki/Oryol_Yuzhny_Airport,"Oryol South Airport, Orel Yuzhny Airport, Orel South Airport, Аэропорт Орёл Южный, Аэропорт Орел Южный, UUOR, OEL"
32197,RU-9998,closed,Raduzhny Airport,62.1586,77.328903,250,EU,RU,RU-KHM,Raduzhnyi,no,,,,,,https://en.wikipedia.org/wiki/Raduzhny_Airport,"RAT, USNR"
32239,RU-9999,closed,Rzhevka Airport,59.98,30.5856,56,EU,RU,RU-LEN,St. Petersburg,no,,,,,http://www.airport-rzhevka.ru/,https://en.wikipedia.org/wiki/Rzhevka_Airport,"Smolnaya Airfield, Smolnoye Airfield, Аэропорт Ржевка, Аэродром Смольная, Аэродром Смольное, RVH, ULSS"
319868,UEAT,small_airport,Chumpu-Kytyl Airport,65.371234,143.167048,1240,EU,RU,RU-SA,Tyubelyahe,no,,,UEAT,,,,"УЕАТ, Тюбелях"
32507,UEBB,small_airport,Batagay Airport,67.648003,134.695007,696,AS,RU,RU-SA,Batagay,yes,UEBB,BQJ,UEBB,,,https://en.wikipedia.org/wiki/Batagay_Airport,"УЕББ, Батагай"
319869,UEBC,heliport,Batagay Hospital Heliport,67.6501,134.6005,434,EU,RU,RU-SA,Batagay,no,,,UEBC,,,,"УЕБЦ, Батагай ЦРБ"
319866,UEBG,small_airport,Lake Khaiyr Airport,70.8083,133.5059,115,EU,RU,RU-SA,Khayyr,no,,,UEBG,,,,"Khaiyr, УЕБГ, Хайыр"
319867,UEBK,small_airport,Kular Airport,70.59566,134.509293,1100,EU,RU,RU-SA,Kular,no,,,UEBK,,,,"УЕБК, Кулар, Cularo"
32508,UEBN,small_airport,Nizhneyansk Airport,71.437822,136.189701,20,AS,RU,RU-SA,Nizhneyansk,no,,,UEBN,,,,Нижнея́нск
314969,UEBS,small_airport,Sakkyryr Airport,67.792,130.394,1686,AS,RU,RU-SA,Batagay-Alyta,yes,,SUK,UEBS,,,https://en.wikipedia.org/wiki/Sakkyryr_Airport,"УЕБС, Саккырыр, Батагаы-Алыта"
44859,UEBT,small_airport,Ust-Kuyga Airport,70.011002,135.645004,327,AS,RU,RU-SA,Ust-Kuyga,yes,UEBT,UKG,UEBT,,,https://en.wikipedia.org/wiki/Ust-Kuyga_Airport,"УЕБТ, Аэропорт Усть-Куйга"
43675,UEBW,small_airport,Verkhoyansk Airport,67.543098,133.398804,,AS,RU,RU-SA,,no,,,UEBW,,,,"УЕБВ, Verhoyansk Airport, Аэропорт Верхоянск"
327559,UECT,small_airport,Talakan Airport,59.876389,111.044444,1329,EU,RU,RU-SA,Talakan Oil Field,no,UECT,TLK,UECT,,,https://en.wikipedia.org/wiki/Talakan_Airport,
335170,UEDB,small_airport,Kulun-Elbyut Airport,66.794851,142.727423,,EU,RU,RU-SA,,no,,,UEDB,,,,
335164,UEDK,small_airport,Desku Airport,68.363387,144.51725,125,EU,RU,RU-SA,,no,,,UEDK,,,,
319880,UEDN,small_airport,Horula Airfield,63.9622,118.644602,820,EU,RU,RU-SA,Sayylyk,no,,,UEDN,,,,"УЕДН, Хорула"
30617,UEEA,small_airport,Aldan Airport,58.602798,125.408997,2241,AS,RU,RU-SA,Aldan,no,UEEA,ADH,UEEA,,,https://en.wikipedia.org/wiki/Aldan_Airport,"УЕЕА, Алдан"
335171,UEED,small_airport,Sebyan-Kyuyol Airport,65.292822,129.991865,,EU,RU,RU-SA,,no,,,UEED,,,,
6447,UEEE,large_airport,Platon Oyunsky Yakutsk International Airport,62.0933,129.770996,325,AS,RU,RU-SA,Yakutsk,yes,UEEE,YKS,UEEE,XEEE,,https://en.wikipedia.org/wiki/Yakutsk_Airport,"УЕЕЕ, ЬЕЕЕ, Якутск"
335172,UEEG,small_airport,Chagda Airport,58.756895,130.6071,,EU,RU,RU-SA,,no,,,UEEG,,,,
335173,UEEJ,small_airport,Kobyay Airport,63.568351,126.512203,,EU,RU,RU-SA,,no,,,UEEJ,,,,
335174,UEEQ,small_airport,Sanyyakhtakh Airport,60.58802,124.04779,,EU,RU,RU-SA,,no,,,UEEQ,,,,
335175,UEEX,small_airport,Bel'kachi Airport,59.169249,131.91988,,EU,RU,RU-SA,,no,,,UEEX,,,,
335176,UEGT,small_airport,Sobolokh Airport,66.256326,143.323982,716,AS,RU,RU-SA,Sobolokh,no,,,UEGT,,,,"УЕГТ, Соболох"
335166,UEKG,small_airport,Kuberganya Airport,67.765668,144.509096,,EU,RU,RU-SA,,no,,,UEKG,,,,
335177,UEKO,small_airport,Delgey Airport,59.907533,118.649383,,EU,RU,RU-SA,,no,,,UEKO,,,,
335163,UEKU,small_airport,Kutana Airport,59.028719,131.788731,,AS,RU,RU-SA,,no,UEKU,,UEKU,,,,
335165,UEKY,small_airport,Keng-Kyuyol Airport,68.076828,145.985126,,EU,RU,RU-SA,Keng-Kyuyol,no,,,UEKY,,,,
608246,UELD,small_airport,Yukovsk Airport,56.894064,124.870462,2759,AS,RU,RU-SA,Chulman,no,,,UELD,,,,"УЕЛД, Юковск, Чульман"
5751,UELL,medium_airport,Chulman Airport,56.913898468018,124.91400146484,2812,AS,RU,RU-SA,Neryungri,yes,UELL,NER,UELL,,,https://en.wikipedia.org/wiki/Chulman_Airport,"Neryungri Airport, Аэропорт Чульман, Аэропорт Нерюнгри, CNN"
335178,UELT,small_airport,Torgo Airport,58.44634,119.504728,,EU,RU,RU-SA,,no,,,UELT,,,,
32509,UEMA,medium_airport,Moma Airport,66.450861,143.261551,656,AS,RU,RU-SA,Khonuu,yes,UEMA,MQJ,UEMA,,,https://en.wikipedia.org/wiki/Moma_Airport,Аэропорт Мома
335179,UEMC,small_airport,Khatyngnakh Airport,67.489845,152.575679,,EU,RU,RU-SA,,no,,,UEMC,,,,
335180,UEMD,small_airport,Chagda Airport,63.371467,125.54296,,EU,RU,RU-SA,,no,,,UEMD,,,,
335181,UEME,small_airport,Tyaya Airport,63.689242,125.985031,,EU,RU,RU-SA,,no,,,UEME,,,,
44667,UEMH,small_airport,Typliy Klyuch Airport,62.7890014648,136.854995728,925,EU,RU,RU-SA,Khandyga,no,UEMH,KDY,UEMH,,,https://en.wikipedia.org/wiki/Teply_Klyuch_Airport,"Tyoply Klyuch Airport, Tepliy Klyuch Airport, Khandyga Airport, Аэропорт Тёплый Ключ, Аэропорт Теплый Ключ, Аэропорт Хандыга, УЕМХ"
42979,UEMM,medium_airport,Magan Airport,62.103484,129.545288,577,AS,RU,RU-SA,Magan,no,UEMM,GYG,UEMM,,,https://en.wikipedia.org/wiki/Magan_Airport,"УЕММ, Маган"
335182,UEMN,small_airport,Syagannakh,68.372322,143.619676,,EU,RU,RU-SA,,no,,,UEMN,,,,
32510,UEMO,medium_airport,Olyokminsk Airport,60.401833,120.476094,656,AS,RU,RU-SA,Olyokminsk,yes,UEMO,OLZ,UEMO,,,https://en.wikipedia.org/wiki/Olyokminsk_Airport,"Olekminsk Airport, Аэропорт Олёкминск, Аэропорт Олекминск, УЕМО"
335183,UEMR,small_airport,Aryktakh Airport,63.561657,125.25535,397,AS,RU,RU-SA,Aryktakh,no,,,UEMR,,,,"УЕМР, Арыктах"
315295,UEMS,small_airport,Sangar Airport,63.9594,127.42,200,EU,RU,RU-SA,Sangar,no,,,UEMS,,,https://ru.wikipedia.org/wiki/%D0%A1%D0%B0%D0%BD%D0%B3%D0%B0%D1%80_(%D0%B0%D1%8D%D1%80%D0%BE%D0%BF%D0%BE%D1%80%D1%82),"УЕМС, Аэропорт Сангар"
44662,UEMT,medium_airport,Ust-Nera Airport,64.550003,143.115005,1805,AS,RU,RU-SA,Ust-Nera,yes,UEMT,USR,UEMT,,,https://en.wikipedia.org/wiki/Ust-Nera_Airport,"УЕМТ, Аэропорт Усть-Нера"
44668,UEMU,small_airport,Ust-Maya Airport,60.357437,134.43731,561,AS,RU,RU-SA,Ust-Maya,yes,UEMU,UMS,UEMU,,,https://en.wikipedia.org/wiki/Ust-Maya_Airport,"УЕМУ, Аэропорт Усть-Мая"
335184,UENH,small_airport,Yatek Airport,63.720041,124.187007,,EU,RU,RU-SA,,no,,,UENH,,,,
43673,UENI,small_airport,Verkhnevilyuisk Airport,63.458057403564,120.26916503906,411,AS,RU,RU-SA,Verkhnevilyuisk,yes,UENI,VHV,UENI,,,https://en.wikipedia.org/wiki/Verkhnevilyuysk_Airport,"УЕНИ, Verkhneviluisk Airport, Verhnevilyuisk Airport, Verhneviluisk Airport, Аэропорт Верхневилюйск"
42978,UENK,medium_airport,Kyzyl-Syr Airport,63.887303,122.775779,331,AS,RU,RU-SA,Kyzyl-Syr,no,,,UENK,,,https://en.wikipedia.org/wiki/Kyzyl-Syr_Airport,"УЕНК, Кысыл-Сыр, Аэропорт Кызыл-Сыр"
600752,UENL,small_airport,Ilbenge Airfield,62.82751,124.403908,774,AS,RU,RU-SA,Ilbenge,no,,,UENL,,,,"УЕНЛ, Илбэнэ"
32511,UENN,small_airport,Nyurba Airport,63.296703,118.341953,394,AS,RU,RU-SA,Nyurba,no,UENN,NYR,UENN,,,https://en.wikipedia.org/wiki/Nyurba_Airport,"УЕНН, Нюрба"
335185,UENO,small_airport,Chapayevo Airport,60.133212,117.13872,,EU,RU,RU-SA,,no,,,UENO,,,,
35092,UENS,small_airport,Suntar Airport,62.185001373291,117.63500213623,452,AS,RU,RU-SA,Suntar,yes,UENS,SUY,UENS,,,https://en.wikipedia.org/wiki/Suntar_Airport,"УЕНС, Сунтар"
335186,UENU,small_airport,Sayylyk Airport,63.852094,123.846388,333,EU,RU,RU-SA,,no,,,UENU,,,,"УЕНУ, Мукучи, Mukuchi"
43006,UENW,medium_airport,Vilyuisk Airport,63.756668,121.693336,361,AS,RU,RU-SA,Vilyuisk,yes,UENW,VYI,UENW,,,https://en.wikipedia.org/wiki/Vilyuisk_Airport,"УЕНВ, Вилюйск"
609952,UENY,small_airport,Kyrgyday Airfield,64.477225,122.711873,588,AS,RU,RU-SA,Satagay,no,,,UENY,,,,"УЕНЫ, Кыргыдай/Сатагай"
335187,UEOA,small_airport,Macha Airport,59.900692,117.597742,,EU,RU,RU-SA,,no,,,UEOA,,,,
335188,UEOQ,small_airport,Tyanya Airport,59.05574,119.780331,,EU,RU,RU-SA,,no,,,UEOQ,,,,
335189,UEOT,small_airport,Tokko Airport,59.978294,119.851098,,EU,RU,RU-SA,,no,,,UEOT,,,,
335190,UEOU,small_airport,Uritskoye Airport,60.558207,122.430611,,EU,RU,RU-SA,,no,,,UEOU,,,,
335191,UEQC,small_airport,Ezhantsy Airport,60.480888,135.146577,,EU,RU,RU-SA,,no,,,UEQC,,,,
335192,UEQK,small_airport,Kyuptsy Airport,60.858792,135.308905,,EU,RU,RU-SA,,no,,,UEQK,,,,
323215,UEQM,small_airport,Ust-Mil Airstrip,59.631249,133.089694,,EU,RU,RU-SA,Ust-Mil,no,,,UEQM,,,,
315334,UEQN,small_airport,Allakh-Yun Airport,61.1431,138.0313,1940,AS,RU,RU-SA,Allakh-Yun,no,,,UEQN,,,,"УЕЯН, Аллах-Юнь"
43663,UERA,medium_airport,Aykhal Airport,65.959198,111.546501,,AS,RU,RU-SA,,no,,,UERA,,,https://en.wikipedia.org/wiki/Aykhal_Airport,"УЕРА, Аikhal Airport, Аэропорт Айхал, Alrosa, Kimberlite, Diamonds"
32512,UERL,medium_airport,Lensk Airport,60.723594,114.825319,801,AS,RU,RU-SA,Lensk,yes,UERL,ULK,UERL,,,https://en.wikipedia.org/wiki/Lensk_Airport,"УЕРЛ, Ленcк"
44597,UERO,small_airport,Olenyok Airport,68.514999,112.480003,847,AS,RU,RU-SA,Olenyok,no,,ONK,UERO,,,https://en.wikipedia.org/wiki/Olenyok_Airport,"УЕРО, Olenek Airport, Аэропорт Оленёк, Аэропорт Оленек"
6448,UERP,medium_airport,Polyarny Airport,66.400398,112.029999,1660,AS,RU,RU-SA,Yakutia,yes,UERP,PYJ,UERP,,,https://en.wikipedia.org/wiki/Polyarny_Airport,"УЕРП, Аэропорт Полярный, Alrosa, Kimberlite, Diamonds"
6449,UERR,medium_airport,Mirny Airport,62.534698486328125,114.03900146484375,1156,AS,RU,RU-SA,Mirny,yes,UERR,MJZ,UERR,,,https://en.wikipedia.org/wiki/Mirny_Airport,
44870,UERS,medium_airport,Saskylakh Airport,71.927902,114.080002,,AS,RU,RU-SA,Saskylakh,yes,UERS,SYS,UERS,,,https://en.wikipedia.org/wiki/Saskylakh_Airport,"УЕРС, Аэропорт Саскылах"
32513,UERT,small_airport,Vitim Airport,59.458,112.563004,610,AS,RU,RU-SA,Vitim,no,,,UERT,,,https://en.wikipedia.org/wiki/Vitim_Airport,"УЕРТ, Аэропорт Витим"
335193,UESC,small_airport,Berezovka Airport,67.120183,156.589766,,AS,RU,RU-SA,,no,,,UESC,,,,"УЕСЦ, Берёзовка"
43667,UESG,medium_airport,Belaya Gora Airport,68.556227,146.22784,118,AS,RU,RU-SA,Belaya Gora,no,UESG,BGN,UESG,,,https://en.wikipedia.org/wiki/Belaya_Gora_Airport,"УЕСГ, Аэропорт Белая Гора"
335194,UESH,small_airport,Argakhtakh Airport,68.443333,153.362222,65,AS,RU,RU-SA,Argakhtakh,no,,,UESH,,,,"УЕСХ, Аргахтах"
609944,UESI,heliport,Nychalakh  HLS,69.933983,146.202805,79,AS,RU,RU-SA,Nychalakh,no,,,UESI,,,,"УЕСИ, Быягныр / Началах"
316761,UESK,medium_airport,Srednekolymsk Airport,67.4805,153.7364,60,AS,RU,RU-SA,Srednekolymsk,yes,,SEK,UESK,,,https://en.wikipedia.org/wiki/Srednekolymsk_Airport,"УЕСК, Среднеколымск"
335195,UESL,small_airport,Sylgy-Ytar Airport,67.848145,154.838862,164,AS,RU,RU-SA,,no,,,UESL,,,,"УЕСЛ, Сылгы-Ытар"
32514,UESO,medium_airport,Chokurdakh Airport,70.6231,147.901993,151,AS,RU,RU-SA,Chokurdah,yes,UESO,CKH,UESO,,,https://en.wikipedia.org/wiki/Chokurdakh_Airport,"Chokurdah Airport, Cokurdah Airport, Аэропорт Чокурдах"
609945,UESP,heliport,Polyarnoye HLS,71.13353,149.272888,66,AS,RU,RU-SA,Polyarnoye,no,,,UESP,,,,"УЕСП, Полярный / Полярное"
335196,UESR,small_airport,Tumat Airport,70.72611,139.235833,,EU,RU,RU-SA,,no,,,UESR,,,,
30870,UESS,medium_airport,Cherskiy Airport,68.740601,161.337997,20,AS,RU,RU-SA,Cherskiy,yes,UESS,CYX,UESS,,,https://en.wikipedia.org/wiki/Chersky_Airport,"УЕСС, Chersky Airport, Аэропорт Черский"
6450,UEST,medium_airport,Tiksi Airport,71.697701,128.903,26,AS,RU,RU-SA,Tiksi,yes,UEST,IKS,UEST,XEST,,https://en.wikipedia.org/wiki/Tiksi_Airport,"УЕСТ, ЬЕСТ, Аеропорт Тикси"
42980,UESU,medium_airport,Zyryanka Airport,65.7485,150.8889,140,AS,RU,RU-SA,Zyryanka,yes,UESU,ZKP,UESU,,,https://en.wikipedia.org/wiki/Zyryanka_Airport,"УЕСУ, Аэропорт Зырянка"
335197,UESV,small_airport,Svatay Airport,68.057338,151.79625,75,AS,RU,RU-SA,Svatay,no,,,UESW,,,,"УЕСВ, Сватай"
335198,UESX,small_airport,Aleko-Kyuyol Airport,68.676693,151.873798,82,AS,RU,RU-SA,,no,,,UESX,,,,"УЕСЬ, Алеко-Кюель"
335199,UESY,small_airport,Abyy Airport,68.400997,145.094419,112,AS,RU,RU-SA,Abyy,no,,,UESY,,,,"УЕСЫ, Абый"
335200,UESZ,small_airport,Kazachye Airport,70.746294,136.179271,,EU,RU,RU-SA,,no,,,UESZ,,,,
43684,UEVV,medium_airport,Zhigansk Airport,66.7965011597,123.361000061,292,AS,RU,RU-SA,Zhigansk,yes,UEVV,ZIX,UEVV,,,https://en.wikipedia.org/wiki/Zhigansk_Airport,"УЕЖЖ, Аэропорт Жиганск"
43679,UEWD,small_airport,Dzhargalakh Airport,67.2672,130.5319,1400,AS,RU,RU-SA,Dzhargalakh,no,,,UEWD,,,,"УЕВД, Аэродром Джаргалах"
335201,UEWO,small_airport,Kudu-Kyuyol Airport,59.460858,121.334896,,EU,RU,RU-SA,,no,,,UEWO,,,,
609964,UEYB,small_airport,Betyung Airfield,63.701015,122.39608,398,AS,RU,RU-SA,Betyung,no,,,UEYB,,,,"УЕЫБ, Бетюнг"
335167,UEYR,small_airport,Sasyr Airport,65.162269,147.073803,,EU,RU,RU-SA,Sasyr,no,,,UEYR,,,,
517995,UHAB,heliport,Enmelen Heliport,65.013886,-175.862712,3,EU,RU,RU-CHU,Enmelen,no,,,UHAB,,,,"УХАБ, Энмеле́н"
323629,UHAC,small_airport,Chuvanskoye Airport,65.172163,167.952484,644,AS,RU,RU-CHU,Chuvanskoye,no,,,UHAC,UHAC,,,"УХАЦ, Чуванское"
315335,UHAO,heliport,Anadyr Heliport,64.716619,177.463081,32,AS,RU,RU-CHU,Anadyr,no,,,UHAO,UHAO,,,"УХАО, Анадырь/Окружной,"
323631,UHAR,heliport,Krasneno Heliport,64.630402,174.786324,52,AS,RU,RU-CHU,Krasneno,no,,,UHAR,UHAR,,,"УХАР, Краснено"
517989,UHAS,heliport,Sireniki Heliport,64.411286,-173.947536,165,EU,RU,RU-CHU,Sireniki,no,,,UHAS,,,,"УХАС, Сиреники"
323630,UHAW,small_airport,Vayegi Airport,64.167442,171.057887,131,AS,RU,RU-CHU,Vayegi,no,,,UHAW,UHAW,,,"УХАВ, Ваеги"
44365,UHB1,small_airport,Birofeld Air Base,48.459999,132.660004,,AS,RU,RU-YEV,Birofeld,no,,,XHHB,,,,"Birofeld Severozapadniy Air Base, Birofeld Northwest Air Base, Аэродром Бирофельд Северозападный, UHB1"
315291,UHBA,small_airport,Arkhara Airport,49.4165,130.0673,420,AS,RU,RU-AMU,Arkhara,no,,,UHBA,,,,"УХБА, Архара"
6454,UHBB,medium_airport,Ignatyevo Airport,50.426723,127.415502,638,AS,RU,RU-AMU,Blagoveschensk,yes,UHBB,BQS,UHBB,,,https://en.wikipedia.org/wiki/Ignatyevo_Airport,"УХББ, Blagoveschensk Airport, Blagoveshchensk Airport, Аэропорт Игнатьево, Аэропорт Благовещенск"
43687,UHBE,small_airport,Zeya Airport,53.687023,127.090972,905,AS,RU,RU-AMU,Zeya,no,,EYA,UHBE,,,https://ru.wikipedia.org/wiki/%D0%97%D0%B5%D1%8F_(%D0%B0%D1%8D%D1%80%D0%BE%D0%BF%D0%BE%D1%80%D1%82),Аэропорт Зея
321903,UHBN,small_airport,Novokievsky Uval Airport,51.6603,128.9329,591,AS,RU,RU-AMU,Novokievsky Uval,no,,,UHBN,UHBN,,,"УХБН, Новокиевский Увал"
335062,UHBO,small_airport,Oktyabrskiy Airport,53.004403,128.662691,1070,AS,RU,RU-AMU,,no,,,UHBO,,,,
32516,UHBP,small_airport,Ekimchan Airport,53.076099,132.951004,1781,AS,RU,RU-AMU,Ekimchan,no,UHBP,,UHBP,,,https://ru.wikipedia.org/wiki/%D0%AD%D0%BA%D0%B8%D0%BC%D1%87%D0%B0%D0%BD_(%D0%B0%D1%8D%D1%80%D0%BE%D0%BF%D0%BE%D1%80%D1%82),Аэропорт Экимчан
42915,UHBS,small_airport,Svobodny Airport,51.45500183105469,128.09832763671875,600,AS,RU,RU-AMU,Svobodny,no,,,UHBS,,,https://en.wikipedia.org/wiki/Svobodny_Airport,
32490,UHBW,small_airport,Tynda Airport,55.284936,124.77901,2001,AS,RU,RU-AMU,Tynda,no,UHBW,TYD,UHBW,,,https://en.wikipedia.org/wiki/Tynda_Airport,Sigikta Airport
321901,UHBX,small_airport,Gornyy Airport,54.653452,128.455903,1363,AS,RU,RU-AMU,Gornyy,no,,,UHBX,UHBX,,,"УХБЬ, Горный"
324924,UHDW,small_airport,Vankarem Airport,67.838719,-175.8494283,3,EU,RU,RU-CHU,Vankarem,no,,,UHDW,,,,"УХДВ, Ванкарем"
530668,UHEI,small_airport,Ilirney Airport,67.255278,167.949167,1165,AS,RU,RU-CHU,,no,,,UHEI,,,,
525055,UHEK,small_airport,Kupol Airport,66.901667,169.56,1745,AS,RU,RU-CHU,,no,,,UHEK,,,https://en.wikipedia.org/wiki/Kupol_Airport,
597124,UHGB,small_airport,Yamsk Airfield,59.581555,154.15393,10,AS,RU,RU-MAG,Yamsk,no,,,UHGB,,,,УХГБ. Ямск
596406,UHGL,small_airport,Glukharinoye Airfield,64.999872,153.096328,977,AS,RU,RU-MAG,Glukharinoye,no,,,UHGL,,,,"УХГЛ, Глухариное, Глухариный"
610074,UHGQ,heliport,Pionernaya Heliport,59.60107,150.76815,670,AS,RU,RU-MAG,Pionernaya,no,,,UHGQ,,,,"УХГЯ, Пионерный"
321902,UHHG,small_airport,Bomnak Airfield,54.71275,128.8577,1199,AS,RU,RU-AMU,Bomnak,no,,,UHHG,UHHG,,,"УХХГ, Бомнак"
6455,UHHH,medium_airport,Khabarovsk Novy Airport,48.528338,135.188588,244,AS,RU,RU-KHA,Khabarovsk,yes,UHHH,KHV,UHHH,,http://airkhv.ru/,https://en.wikipedia.org/wiki/Khabarovsk_Novy_Airport,Аэропорт Хабаровск-Новый
324923,UHHO,small_airport,Troitskoye Airport,49.444833,136.571033,93,AS,RU,RU-KHA,Troitskoye,no,UHHO,,UHHO,,,,"УХХО, Троицкое"
44856,UHHT,small_airport,Khabarovsk MVL Airport,48.525484,135.152478,262,AS,RU,RU-KHA,Khabarovsk,no,,,UHHT,,,,Аэропорт Хабаровск
44615,UHHY,small_airport,Chumikan Airport,54.695999,135.285995,,AS,RU,RU-KHA,Chumikan,no,,,UHHY,,,https://en.wikipedia.org/wiki/Chumikan_Airport,Аэропорт Чумикан
44367,UHK1,small_airport,Kalinka Airport,48.407329,135.411571,151,AS,RU,RU-KHA,Blagodatnoye,no,,,UHK1,,,https://en.wikipedia.org/wiki/Blagodatnoye,"Blagodatnoye Air Base, Аэродром Благодатное"
44857,UHK2,small_airport,Garovka Air Base,48.395946,135.223477,290,AS,RU,RU-KHA,Khabarovsk,no,,,UHK2,,,,Аэродром Гаровка
32517,UHKD,medium_airport,Dzemgi Airport,50.605625,137.081266,89,AS,RU,RU-KHA,Komsomolsk-na-Amur,no,,,UHKD,XHKD,,https://en.wikipedia.org/wiki/Dzemgi_Airport,"УХКД, ЬХКД, Дземги, Комсомольск-на-Амуре"
43011,UHKG,medium_airport,Kamenny Ruchey Naval Air Base,49.235703,140.1931,659,AS,RU,RU-KHA,Sovetskaya Gavan,no,UHKG,,UHKG,XHKG,,https://en.wikipedia.org/wiki/Kamenny_Ruchey,"УХКГ, ЬХКГ, Монгохто, Каменный Ручей, Советская Гавань"
31790,UHKK,medium_airport,Komsomolsk-on-Amur Airport,50.409,136.934006,92,AS,RU,RU-KHA,Komsomolsk-on-Amur,yes,UHKK,KXK,UHKK,,,https://en.wikipedia.org/wiki/Komsomolsk-on-Amur_Airport,"УХКК, Komsomolsk-na-Amure Airport, Khurba Airport, Аэропорт Комсомольск-на-Амуре, Аэропорт Хурба"
43866,UHKM,medium_airport,Sovetskaya Gavan (Maygatka) Airport,48.925067,140.035348,768,AS,RU,RU-KHA,Sovetskaya Gavan,no,UHKM,GVN,UHKM,,,,"Sovietskaya Gavan Airport, May-Gatka Airport, Аэропорт Советская Гавань, Аэропорт Май-Гатка"
597109,UHKN,small_airport,Nizhnetambovskoye Airfield,50.935278,138.187501,59,EU,RU,RU-KHA,Nizhnetambovskoye,no,,,UHKN,,,,"УХКН, Нижнетамбовское"
339935,UHKP,small_airport,Sovetskaya Gavan (Postovaya) Airport,49.0311,140.22678,240,AS,RU,RU-KHA,Zavety Il'icha,no,,,UHKP,,,,
6456,UHMA,medium_airport,Ugolny Yuri Ryktheu Airport,64.734902,177.740997,194,AS,RU,RU-CHU,Anadyr,yes,UHMA,DYR,UHMA,,,https://en.wikipedia.org/wiki/Ugolny_Airport,"УХМА, Угольный, Аnadyr Airport, Аэропорт Анадырь"
6457,UHMD,medium_airport,Provideniya Bay Airport,64.378098,-173.242996,72,AS,RU,RU-CHU,Chukotka,no,UHMD,PVS,UHMD,XHMD,,https://en.wikipedia.org/wiki/Provideniya_Bay_Airport,"УХМД, ЬХМД, Bukhta Provideniya Airport, Urelik Airport, Ureliki Airport, Аэропорт Бухта Провидения, Аэропорт Урелики"
43686,UHME,small_airport,Zaliv Kresta Airport,66.358398,-179.108393,22,AS,RU,RU-CHU,Egvekinot,no,,,UHME,,,,"УХМЕ, Аэропорт Залив Креста"
44659,UHMF,medium_airport,Omsukchan Airport,62.457001,155.744995,1732,AS,RU,RU-MAG,Omsukchan,yes,UHMF,,UHMF,,,https://en.wikipedia.org/wiki/Omsukchan_Airport,Аэропорт Омсукчан
42960,UHMG,medium_airport,Chaybukha Airport,61.834999,160.548004,207,AS,RU,RU-MAG,Chaybukha,no,UHMG,,UHMG,,,https://en.wikipedia.org/wiki/Chaybukha_Airport,"Airport Chaibukha, Airport Gizhiga, Аэропорт Чайбуха, Аэропорт Гижига"
42964,UHMH,small_airport,Susuman Airport,62.764995,148.147014,2129,AS,RU,RU-MAG,Susman,yes,UHMH,,UHMH,,,https://en.wikipedia.org/wiki/Susuman_Airport,"УХМХ, Сусуман"
35040,UHMI,small_airport,Mys Shmidta Airport,68.86808,-179.374183,20,AS,RU,RU-CHU,Mys Shmidta,no,UHMI,,UHMI,,,https://en.wikipedia.org/wiki/Mys_Shmidta_Airport,"УХМИ, ЬХМИ, Мыс Шмидта"
44473,UHMK,medium_airport,Keperveem Airport,67.845001,166.139999,623,AS,RU,RU-CHU,Keperveem,yes,UHMK,KPW,UHMK,,,https://en.wikipedia.org/wiki/Keperveyem_Airport,"Keperveyem Airport, Аэропорт Кепервеем"
42925,UHML,small_airport,Lavrentiya Airport,65.580426,-170.999177,30,AS,RU,RU-CHU,Lavrentiya,no,UHML,,UHML,,,https://en.wikipedia.org/wiki/Lavrentiya_Airport,"УХМЛ, Залив Лаврентия, Lavrentiya Bay"
6458,UHMM,medium_airport,Sokol Airport,59.9109992980957,150.72000122070312,574,AS,RU,RU-MAG,Magadan,yes,UHMM,GDX,UHMM,,,https://en.wikipedia.org/wiki/Sokol_Airport,
44610,UHMN,small_airport,Omolon Airport,65.239998,160.539993,869,AS,RU,RU-CHU,Omolon,yes,UHMN,,UHMN,,,https://en.wikipedia.org/wiki/Omolon_Airport,"УХМН, Аэропорт Омолон"
44660,UHMO,small_airport,Markovo Airport,64.665446,170.417626,75,AS,RU,RU-CHU,Markovo,yes,UHMO,KVM,UHMO,,,https://en.wikipedia.org/wiki/Markovo_Airport,Аэропорт Марково
6459,UHMP,medium_airport,Pevek Airport,69.783302,170.597,11,AS,RU,RU-CHU,Apapelgino,yes,UHMP,PWE,UHMP,,,https://en.wikipedia.org/wiki/Pevek_Airport,"УХМП, Аэропорт Певек"
32518,UHMR,small_airport,Beringovskiy Airport,63.02,179.292999,3,AS,RU,RU-CHU,Beringovsky,no,UHMR,,UHMR,,,https://es.wikipedia.org/wiki/Aer%C3%B3dromo_de_Beringovski,"УХМР, Аэропорт Беринговский"
42963,UHMS,medium_airport,Seymchan Airport,62.92078,152.422775,679,AS,RU,RU-MAG,Seymchan,no,UHMS,,UHMS,,,https://en.wikipedia.org/wiki/Seymchan_Airport,"УХМС, Аэропорт Сеймчан"
42961,UHMT,medium_airport,Magadan-13 Airport,59.62329864501953,150.9219970703125,164,AS,RU,RU-MAG,Magadan,no,,,UHMT,,,https://en.wikipedia.org/wiki/Magadan-13_Airport,Аэропорт Магадан-13
42962,UHMW,medium_airport,Severo-Evensk Airport,61.921786,159.229059,32,AS,RU,RU-MAG,Evensk,no,UHMW,SWV,UHMW,,,https://en.wikipedia.org/wiki/Severo-Evensk_Airport,Аэропорт Северо-Эвенск
324631,UHMZ,small_airport,Wrangel Island Airport,70.945356,-179.5,112,EU,RU,RU-CHU,Wrangel Island,no,,,UHMZ,UHMZ,,,"УХМЗ, Остров Врангеля"
42941,UHNA,small_airport,Munuk Airport,56.4321,138.0449,15,AS,RU,RU-KHA,Ayan,no,,,UHNA,,,https://en.wikipedia.org/wiki/Munuk_Airport,"УХНА, Аэропорт Мунук, Аян"
45189,UHNB,small_airport,Bogorodskoye Airport,52.381041,140.449378,150,AS,RU,RU-KHA,Bogorodskoye,yes,UHNB,BQG,UHNB,,,https://en.wikipedia.org/wiki/Bogorodskoye_Airport,"Bogorodskoe Airport, Аэропорт Богородское, УХНБ"
507324,UHNK,small_airport,Mar-Kyuel Airport,57.451667,132.5275,2684,AS,RU,RU-KHA,Mar-Kyuel,no,,,UHNK,,,,"УХНК, Мар-Кюэль"
44611,UHNN,medium_airport,Nikolayevsk-na-Amure Airport,53.154999,140.649994,170,AS,RU,RU-KHA,Nikolayevsk-na-Amure Airport,yes,UHNN,NLI,UHNN,,,https://en.wikipedia.org/wiki/Nikolayevsk-on-Amur_Airport,"Nikolaevsk-na-Amure Airport, Nikolayevsk-on-Amur Airport, Аэропорт Николаевск-на-Амуре"
339653,UHNT,small_airport,Tugur Airport,53.77586,136.83302,,EU,RU,RU-KHA,Tugur,no,,,UHNT,,,,
315342,UHOA,small_airport,Arka Airport,60.1012,142.3015,749,EU,RU,RU-KHA,Arka,no,,,UHOA,UHOA,,,"УХОА, Арка"
35177,UHOO,medium_airport,Okhotsk Airport,59.410065,143.056503,45,AS,RU,RU-KHA,Okhotsk,yes,UHOO,OHO,UHOO,,,https://en.wikipedia.org/wiki/Okhotsk_Airport,
42940,UHPA,small_airport,Ust-Pakhachi Airport,60.556587,169.107707,10,AS,RU,RU-KAM,Ust-Pakhachi,no,UHPA,,UHPA,UHPA,,https://en.wikipedia.org/wiki/Ust-Pakhachi_Airport,"УХПА, Аэропорт Усть-Пахачи, Пахачи, Pakhachi"
308492,UHPD,small_airport,Ossora Airport,59.2236,163.0664,13,AS,RU,RU-KAM,Ossora,no,UHPD,,UHPD,,,https://en.wikipedia.org/wiki/Ossora_Airport,"УХПД, Оссора"
44861,UHPG,small_airport,Tigil Airport,57.784,158.729996,430,AS,RU,RU-KAM,Tigil,no,,,UHPG,,,https://ru.wikipedia.org/wiki/%D0%A2%D0%B8%D0%B3%D0%B8%D0%BB%D1%8C_(%D0%B0%D1%8D%D1%80%D0%BE%D0%BF%D0%BE%D1%80%D1%82),Аэропорт Тигиль
44855,UHPH,small_airport,Khalaktyrka Airport,53.026245,158.721972,95,AS,RU,RU-KAM,Petropavlovsk-Kamchatskiy,no,,,UHPH,,,,"УХПХ, Аэропорт Халактырка"
32519,UHPK,small_airport,Ust'-Kamchatsk Airport,56.238854,162.689989,200,AS,RU,RU-KAM,Ust'-Kamchatsk (Krutoberegovo),yes,UHPK,,UHPK,,,https://en.wikipedia.org/wiki/Ust-Kamchatsk_Airport,"УКЧ, УХПК, Усть-Камчатск"
42938,UHPL,medium_airport,Palana Airport,59.082064,159.891577,112,AS,RU,RU-KAM,Palana,no,,,UHPL,,,https://en.wikipedia.org/wiki/Palana_Airport,"УХПЛ, Аэропорт Палана"
42936,UHPM,small_airport,Milkovo Airport,54.68058,158.548508,410,AS,RU,RU-KAM,Milkovo,no,UHPM,,UHPM,,,https://en.wikipedia.org/wiki/Milkovo_Airport,"УХПМ, Аэропорт Мильково"
339646,UHPN,small_airport,Manily Airport,62.485962,165.338917,33,AS,RU,RU-KAM,Manily,no,,,UHPN,,,,
42935,UHPO,heliport,Kozyrevsk Heliport,56.090092,159.876308,331,AS,RU,RU-KAM,Kozyrevsk,no,,,UHPO,,,https://en.wikipedia.org/wiki/Kozyrevsk_Airport,"УХПО, Козырёвск, Kozyrevsk Airport"
6460,UHPP,large_airport,Yelizovo Airport,53.168716,158.451068,131,AS,RU,RU-KAM,Petropavlovsk-Kamchatsky,yes,UHPP,PKC,UHPP,,,https://en.wikipedia.org/wiki/Elizovo_Airport,"УХПП, Елизово, ПРЛ, Elizovo"
32520,UHPT,small_airport,Tilichiki Airport,60.384238,166.02503,7,AS,RU,RU-KAM,Korf,no,,,UHPT,,,https://en.wikipedia.org/wiki/Tilichiki_Airport,"УХПТ, Korf Airport, Аэропорт Тиличики, Аэропорт Корф"
44664,UHPU,small_airport,Ust-Khayryuzovo Airport,57.099706,156.737223,,AS,RU,RU-KAM,Ust-Khayryuzovo,no,UHPU,,UHPU,,,,"УХПУ, Ust-Khairyuzovo Airport, Аэропорт Усть-Хайрюзово"
42937,UHPX,small_airport,Nikolskoye Airport,55.178333,166.04834,49,AS,RU,RU-KAM,Nikolskoye,no,,,UHPX,,,https://en.wikipedia.org/wiki/Nikolskoye_Airport,"УХПЬ, Аэропорт Никольское, Bering Island, Commander Islands, Nikolsky"
597126,UHQC,closed,Voyampolka Airfield,58.299542,159.390621,95,AS,RU,RU-KAM,Voyampolka,no,,,,,,,"UHQC, УХЯЦ, Воямполка"
597129,UHQE,small_airport,Slautnoye Airfield,63.176423,167.978281,,AS,RU,RU-KAM,Slautnoye,no,,,UHQE,,,,"УХЯЕ, Слаутное"
339644,UHQO,small_airport,Sobolevo Airport,54.30701,155.973673,87,AS,RU,RU-KAM,Sobolevo,no,,,UHPS,,,,UHQO
34959,UHSB,small_airport,Burevestnik Airport,44.919998,147.621994,79,AS,RU,RU-SAK,Kurilsk,no,UHSB,BVV,UHSB,,,https://en.wikipedia.org/wiki/Burevestnik_Airport,"Iturup Airport, Аэропорт Буревестник, Tennei Airfield"
35126,UHSH,small_airport,Okha Airport,53.516446,142.881426,123,AS,RU,RU-SAK,Okha,no,UHSH,OHH,UHSH,OXA,,https://en.wikipedia.org/wiki/Okha_Airport,"Oxa Airport, Аэропóрт Охá, Ekhabi"
319423,UHSI,small_airport,Iturup Airport,45.256389,147.95549,387,AS,RU,RU-SAK,Kurilsk,yes,UHSI,ITU,UHSI,,,https://en.wikipedia.org/wiki/Iturup_Airport,
35125,UHSK,small_airport,Shakhtyorsk Airport,49.1903,142.082993,50,AS,RU,RU-SAK,Shakhtyorsk,yes,UHSK,EKS,UHSK,,,https://en.wikipedia.org/wiki/Shakhtyorsk_Airport,"УХСК, Shakhtersk Airport, Аэропорт Шахтёрск, Аэропорт Шахтерск"
41837,UHSM,small_airport,Yuzhno-Kurilsk Mendeleyevo Airport,43.961066,145.684977,584,AS,RU,RU-SAK,Yuzhno-Kurilsk,yes,UHSM,DEE,UHSM,,,https://en.wikipedia.org/wiki/Yuzhno-Kurilsk_Mendeleyevo_Airport,"УХСМ, Mendeleevo Airport, Yuzhno-Kurilsk Airport, Island Kunashir Airport, Аэропорт Менделеево, Аэропорт Южно-Курильск, Аэропорт острова Кунашир"
41838,UHSN,small_airport,Nogliki Airport,51.783955,143.141785,109,AS,RU,RU-SAK,Nogliki,yes,,NGK,UHSN,,https://airportus.ru/board/?airport=nogliki,https://en.wikipedia.org/wiki/Nogliki_Airport,"УХСН, Ноглики"
32521,UHSO,small_airport,Zonalnoye Airport,50.669929,142.760082,479,AS,RU,RU-SAK,Tymovskoye,no,UHSO,ZZO,UHSO,,,https://en.wikipedia.org/wiki/Zonalnoye_Airport,"УХСО, Zonalnoe Airport, Аэропорт Зональное"
6461,UHSS,large_airport,Yuzhno-Sakhalinsk International Airport,46.885461,142.717466,59,AS,RU,RU-SAK,Yuzhno-Sakhalinsk,yes,UHSS,UUS,UHSS,,https://uusaero.ru/,https://en.wikipedia.org/wiki/Yuzhno-Sakhalinsk_Airport,"УХСС, Аэропорт Южно-Сахалинск, Khomutovo, Khomutovo International Airport"
326733,UHTG,small_airport,Amgu Airport,45.84126,137.673568,10,AS,RU,RU-PRI,Amgu,no,UHTG,AEM,UHTG,,,https://en.wikipedia.org/wiki/Amgu_Airport,"Амгу, УХТГ"
529400,UHTO,small_airport,Vostok Airfield,46.402222,135.788611,1220,EU,RU,RU-PRI,,no,,,UHTO,,,,
330390,UHTQ,small_airport,Svetlaya Airport,46.541704,138.321703,131,EU,RU,RU-PRI,Svetlaya,no,,ETL,UHTQ,,,,Све́тлая
526523,UHTS,small_airport,Samarga Airport,47.250835,138.789459,13,EU,RU,RU-PRI,,no,,,UHTS,,,,
44742,UHU1,small_airport,Zolotaya Dolina Air Base,42.959999,133.115005,60,AS,RU,RU-PRI,Zolotaya Dolina,no,,,XHWI,,http://www.gold-valley.narod.ru/index.html,,"Unashi Air Base, Аэродром Золотая Долина"
330386,UHWE,small_airport,Yedinka Airport,47.178201,138.657357,98,EU,RU,RU-PRI,Yedinka,no,,EDN,UHWE,,,,
313831,UHWK,small_airport,Kavalerovo Airport,44.2726,135.029,730,AS,RU,RU-PRI,Kavalerovo,no,,KVR,UHWK,,,,"УХВК, Кавалерово"
43867,UHWP,small_airport,Plastun Airport,44.814999,136.292007,66,AS,RU,RU-PRI,Plastun,yes,UHWP,TLY,UHWP,,,https://ru.wikipedia.org/wiki/%D0%9F%D0%BB%D0%B0%D1%81%D1%82%D1%83%D0%BD_(%D0%B0%D1%8D%D1%80%D0%BE%D0%BF%D0%BE%D1%80%D1%82),Аэропорт Пластун
331737,UHWT,small_airport,Terney Airport,45.0825,136.5912,33,EU,RU,RU-PRI,Terney,no,,NEI,UHWT,,,,
6462,UHWW,large_airport,Vladivostok International Airport,43.396256,132.148155,59,AS,RU,RU-PRI,Artyom,yes,UHWW,VVO,UHWW,,http://www.vladivostokavia.ru/en/airport/,https://en.wikipedia.org/wiki/Vladivostok_International_Airport,Vladivostok-Knevichi Airport
6463,UIAA,large_airport,Chita-Kadala International Airport,52.024841,113.305839,2272,AS,RU,RU-ZAB,Chita,yes,UIAA,HTA,UIAA,,http://aerochita.ru/,https://en.wikipedia.org/wiki/Kadala_Airport,
325080,UIAB,heliport,Barnaul Heliport,50.361383,116.4814,2224,AS,RU,RU-ZAB,Borzya,no,,,UIAB,,,,"УИАБ, Барнаул, Борзя"
335246,UIAC,small_airport,Tungukochen Airport,53.538317,115.615139,,EU,RU,RU-ZAB,,no,,,UIAC,,,,
546421,UIAD,small_airport,Krasniy Chikoy Airfield,50.372068,108.76771,2529,EU,RU,RU-ZAB,Krasniy Chikoy,no,,,UIAD,,,,"УИАД, Красный Чикой"
42997,UIAE,medium_airport,Krasnokamensk Airport,50.033108,118.061142,2139,AS,RU,RU-ZAB,Krasnokamensk,no,,,UIAE,,,https://en.wikipedia.org/wiki/Krasnokamensk_Airport,Аэропорт Краснокаменск
335243,UIAG,small_airport,Ust'-Karenga Airport,54.441672,116.513894,2223,EU,RU,RU-ZAB,,no,,,UICU,,,,"УИЦУ, Усть-Каренга"
315293,UIAM,heliport,Mogocha Airbase,53.7421,119.7396,2094,EU,RU,RU-ZAB,Mogocha,no,,,UIAM,XIAM,,,"УИАМ, ЬИАМ, Могоча"
42998,UIAR,small_airport,Chara Airport,56.914423,118.270072,2201,AS,RU,RU-ZAB,Chara,no,,CZR,UIAR,,,https://en.wikipedia.org/wiki/Chara_Airport,"УИАР, Чара, Chara Kyust-Kemda"
335244,UIAU,small_airport,Yumurchen Airport,53.6195,114.034,,EU,RU,RU-ZAB,,no,,,UIAU,,,,
335245,UIAY,small_airport,Usugli Airport,52.659388,115.242634,,EU,RU,RU-ZAB,,no,,,UIAY,,,,
6464,UIBB,medium_airport,Bratsk Airport,56.3696,101.701822,1610,AS,RU,RU-IRK,Bratsk,yes,UIBB,BTK,UIBB,,,https://en.wikipedia.org/wiki/Bratsk_Airport,"УИББ, Аэропорт Братск"
546416,UIBE,heliport,Erema Airfield,60.386978,107.786278,902,EU,RU,RU-IRK,Erema,no,,,UIBE,UIBE,,,"УИБЕ, Ерема"
32523,UIBS,small_airport,Ust-Ilimsk Airport,58.135409,102.556066,1339,AS,RU,RU-IRK,Ust-Ilimsk,no,,UIK,UIBS,,,https://en.wikipedia.org/wiki/Ust-Ilimsk_Airport,"УИБС, Усть-Илимск"
42931,UIBV,medium_airport,Zheleznogorsk Airport,56.487701,104.106003,1946,AS,RU,RU-IRK,Zheleznogorsk-Ilimsky,no,,,UIBV,,,https://en.wikipedia.org/wiki/Zheleznogorsk_Airport,"УИБЖ, Аэропорт Железногорск"
34948,UIIB,small_airport,Belaya Air Base,52.91487,103.575499,1503,AS,RU,RU-IRK,Usolye-Sibirskoye,no,,,UIIB,,,https://en.wikipedia.org/wiki/Belaya_%28air_base%29,"УИИБ, Белое, Усолье-Сибирское"
546403,UIIH,small_airport,Khuzhir Airport,53.217869,107.410469,1626,AS,RU,RU-IRK,"Khuzhir, Olkhon Island",yes,UIIH,,UIIH,UIIH,,https://en.wikipedia.org/wiki/Khuzhir_Airport,"УИИХ, Хужир,"
6465,UIII,large_airport,Irkutsk International Airport,52.266707,104.395563,1675,AS,RU,RU-IRK,Irkutsk,yes,UIII,IKT,UIII,XIII,http://www.iktport.ru/,https://en.wikipedia.org/wiki/Irkutsk_Airport,"УИИИ, ЬИИИ, Иркутск"
43683,UIIV,small_airport,Zhigalovo Airport,54.798765,105.216197,1376,AS,RU,RU-IRK,Zhigalovo,no,,,UIIV,,,,"УИИЖ, Аэропорт Жигалово"
32524,UIKB,small_airport,Bodaybo Airport,57.866100311299995,114.242996216,919,AS,RU,RU-IRK,Bodaybo,yes,UIKB,ODO,UIKB,,,https://en.wikipedia.org/wiki/Bodaybo_Airport,"Bodaibo Airport, Аэропорт Бодайбо"
42926,UIKE,small_airport,Yerbogachen Airport,61.2750015259,108.029998779,400,AS,RU,RU-IRK,Erbogachen,no,UIKE,ERG,UIKE,,,https://en.wikipedia.org/wiki/Erbogachen_Airport,"Yerbogachyon Airport, Erbogachyon Airport, Erbogachen Airport, Аэропорт Ербогачен, Аэропорт Ербогачён"
32525,UIKK,small_airport,Kirensk Airport,57.773,108.064,840,AS,RU,RU-IRK,Kirensk,no,UIKK,KCK,UIKK,,,https://en.wikipedia.org/wiki/Kirensk_Airport,
42929,UIKM,small_airport,Mama Airport,58.313602,112.889484,659,AS,RU,RU-IRK,Mama,no,,,UIKM,,,https://en.wikipedia.org/wiki/Mama_Airport,"УИКМ, Аэропорт Мама"
332617,UIKP,small_airport,Preobrazheniye Airport,42.921698,133.904438,34,AS,RU,RU-PRI,Preobrazheniye,no,,RZH,UHTR,,,,"УИКП, Преображенка"
546422,UIKX,heliport,R-201 Chonskaya Heliport,60.149967,109.249931,1211,EU,RU,RU-IRK,Chonskaya,no,,,UIKX,UIKX,,,"УИКЬ, Чонская"
308489,UINN,small_airport,Nizhneudinsk Airport,54.890007,99.065985,1340,AS,RU,RU-IRK,Nizhneudinsk,no,UINN,,UINN,,,https://en.wikipedia.org/wiki/Nizhneudinsk_Airport,"УИНН, Аэропорт Нижнеудинск"
42928,UITK,small_airport,Kazachinskaya Airport,56.280151,107.567566,1499,AS,RU,RU-IRK,Kazachinskaya,no,,,UITK,,,https://en.wikipedia.org/wiki/Kazachinskaya_Airport,"УИТК, Казачинское"
42930,UITT,medium_airport,Ust-Kut Airport,56.856701,105.730003,2188,AS,RU,RU-IRK,Ust-Kut,yes,UITT,UKX,UITT,,,https://en.wikipedia.org/wiki/Ust-Kut_Airport,"УИТТ, Аэропорт Усть-Кут"
32528,UIUN,small_airport,Nizhneangarsk International Airport,55.8008,109.595001,1545,AS,RU,RU-BU,Nizhneangarsk,yes,UIUN,NZG,UIUN,,,https://en.wikipedia.org/wiki/Nizhneangarsk_Airport,
6466,UIUU,large_airport,Baikal International Airport,51.808614,107.439652,1690,AS,RU,RU-BU,Ulan Ude,yes,UIUU,UUD,UIUU,,,https://en.wikipedia.org/wiki/Ulan-Ude_Airport,"Mukhino Airport, Ulan-Ude Airport"
44293,UKFB,medium_airport,Sevastopol International Airport / Belbek Air Base,44.691822,33.57462,344,EU,UA,UA-43,Sevastopol,no,UKFB,UKS,UKFB,,,https://en.wikipedia.org/wiki/Sevastopol_International_Airport,"Севастополь, Бельбек"
6474,UKFF,large_airport,Simferopol International Airport,45.0522,33.975101,639,EU,UA,UA-43,Simferopol,no,UKFF,SIP,UKFF,URFF,https://new.sipaero.ru/,https://en.wikipedia.org/wiki/Simferopol_International_Airport,
6488,ULAA,medium_airport,Talagi Airport,64.60030364990234,40.71670150756836,62,EU,RU,RU-ARK,Archangelsk,yes,ULAA,ARH,ULAA,,,https://en.wikipedia.org/wiki/Talagi_Airport,"Арха́нгельск, Archangel"
604039,ULAD,heliport,Severodvinsk Heliport,64.531319,39.774132,163,EU,RU,RU-ARK,Severodvinsk,no,,,ULAD,,,,"УЛАД, Северодвинск"
35124,ULAH,medium_airport,Vaskovo Airport,64.441704,40.4217,82,EU,RU,RU-ARK,Arkhangelsk,no,,VKV,ULAH,ULAH,,https://en.wikipedia.org/wiki/Vaskovo_Airport,"Аэропорт Архангельск Васьково, УЛАХ, ЬЛАХ, Vas'kovo"
44768,ULAL,small_airport,Leshukonskoye Airport,64.896004,45.723,220,EU,RU,RU-ARK,Leshukonskoye,yes,ULAL,LDG,ULAL,,,https://en.wikipedia.org/wiki/Leshukonskoye_Airport,"УЛАЛ, Leshukonskoe Airport, Аэропорт Лешуконское"
32040,ULAM,medium_airport,Naryan Mar Airport,67.639999,53.121899,36,EU,RU,RU-NEN,Naryan Mar,yes,ULAM,NNM,ULAM,,,https://en.wikipedia.org/wiki/Naryan-Mar_Airport,Нарья́н-Мар
46485,ULAO,small_airport,Onega Airfield,63.909376,38.121786,59,EU,RU,RU-ARK,Onega,no,,,ULAO,,,https://ru.wikipedia.org/wiki/%D0%9E%D0%BD%D0%B5%D0%B3%D0%B0_(%D0%B0%D1%8D%D1%80%D0%BE%D0%BF%D0%BE%D1%80%D1%82),"Аэропорт Онега, УЛАО"
44755,ULAR,small_airport,Kargopol,61.515033,38.912039,420,EU,RU,RU-ARK,Kargopol,no,,,ULAR,,,,"Аэропорт Каргополь, УЛАР"
42918,ULAS,small_airport,Solovki Airport,65.029996,35.730558,60,EU,RU,RU-ARK,Solovetsky Islands,yes,,CSH,ULAS,ULAS,,https://en.wikipedia.org/wiki/Solovki_Airport,"Аэропорт Соловки, УЛАС"
599550,ULBK,small_airport,Kamenka Airfield,65.87835,44.112947,25,EU,RU,RU-ARK,Kamenka,no,,,ULBK,,,,"УЛБК, Каменка"
46484,ULBM,small_airport,Purnema Airfield,64.3854,37.441235,131,EU,RU,RU-ARK,Purnema,no,,,ULBM,,,,"Аэропорт Пурнема, УЛБМ"
44757,ULBZ,small_airport,Letnyaya Zolotitsa Airstrip,64.959999,36.830002,16,EU,RU,RU-ARK,Letnyaya Zolotitsa,no,,,ULBZ,,,,"Аэропорт Летняя Золотица, УЛБЗ"
30643,ULDD,medium_airport,Amderma Airport,69.763712,61.556711,13,EU,RU,RU-NEN,Amderma,yes,ULDD,AMV,ULDD,XLDD,,https://en.wikipedia.org/wiki/Amderma_Airport,"УЛДД, ЬЛДД, Амдерма, АМД"
43965,ULDT,small_airport,Karatayka Airport,68.764177,61.418718,39,EU,RU,RU-NEN,Karatayka,no,,,ULDT,,,,Аэропорт Каратайка
43672,ULDW,small_airport,Varandey Airport,68.848503,58.201401,23,AS,RU,RU-NEN,Varandey,no,ULDW,VRI,ULDW,,,https://en.wikipedia.org/wiki/Varandey_Airport,"УЛДВ, Varandei Airport, Аэропорт Варандей"
44852,ULEH,small_airport,Khorey-Ver Airport,67.416721,58.044769,230,EU,RU,RU-NEN,Khorey-Ver,no,,,ULEH,,,https://es.wikipedia.org/wiki/Aer%C3%B3dromo_de_Jorei-Ver,"Аэропорт Хорей-Вер, УЛЕХ, Khorei-Ver"
596377,ULEK,small_airport,Kotkino Airfield,67.027443,51.114849,36,EU,RU,RU-NEN,Kotkino,no,,,ULEK,,,,"УЛЕК, Коткино"
44853,ULER,small_airport,Kharuta Airport,66.846122,59.539305,165,AS,RU,RU-NEN,Kharuta,no,ULER,,ULER,,,https://ru.wikipedia.org/wiki/%D0%A5%D0%B0%D1%80%D1%83%D1%82%D0%B0_(%D0%B0%D1%8D%D1%80%D0%BE%D0%BF%D0%BE%D1%80%D1%82),"УЛЕР, Аэропорт Харута"
44851,ULIC,small_airport,Tsenogora Airport,64.8870010376,46.7210006714,262,EU,RU,RU-ARK,Tsenogora,no,,,ULJC,,,,"Аэропорт Ценогора, УЛЙЦ"
596374,ULJI,small_airport,Vizhas Airfield,66.637283,45.906166,18,EU,RU,RU-NEN,Vizhas,no,,,ULJI,,,https://es.wikipedia.org/wiki/Aer%C3%B3dromo_de_Vizhas#,"УЛЙИ, Вижас"
596376,ULJM,small_airport,Oma Airfield,66.652481,46.507648,62,EU,RU,RU-NEN,Oma,no,,,ULJM,,,,"УЛЙМ, Ома"
46486,ULJO,small_airport,Olema Airport,64.495,46.14666,164,EU,RU,RU-ARK,Olema,no,,,ULJO,,,,"Аэропорт Олема, УЛЙО"
31780,ULKK,medium_airport,Kotlas Airport,61.235801696777344,46.6974983215332,184,EU,RU,RU-ARK,Kotlas,yes,ULKK,KSZ,ULKK,,,https://en.wikipedia.org/wiki/Kotlas_Airport,Аэропорт Котлас
35073,ULKS,small_airport,Savvatiya Air Base,60.994998931884766,46.869998931884766,318,EU,RU,RU-ARK,Kotlas,no,,,ULKS,,,https://en.wikipedia.org/wiki/Savatiya,"Kotlas South, Savati, Savatiya, Савватия ,Саватия"
535682,ULLD,heliport,Varshavskaya Heliport,59.881885,30.306041,38,EU,RU,RU-SPE,Saint Petersburg,no,,,ULLD,,,,УЛЛД
6489,ULLI,large_airport,Pulkovo Airport,59.800301,30.262501,78,EU,RU,RU-SPE,St. Petersburg,yes,ULLI,LED,ULLI,,https://pulkovoairport.ru/,https://en.wikipedia.org/wiki/Pulkovo_Airport,"Аэропо́рт Пу́лково, Leningrad, Shosseynaya Airport, Saint Petersburg, Petrograd"
34932,ULLP,medium_airport,Pushkin Airport,59.685001,30.338301,230,EU,RU,RU-SPE,St. Petersburg,no,,,ULLP,,,https://en.wikipedia.org/wiki/Pushkin_Airport,Аэропорт Пушкин
44753,ULMA,small_airport,Umba Airstrip,66.696999,34.387001,122,EU,RU,RU-MUR,Umba,no,,,ULMA,,,,"Аэропорт Умба, УЛМА"
6490,ULMM,large_airport,Emperor Nicholas II Murmansk Airport,68.7817,32.750801,266,EU,RU,RU-MUR,Murmansk,yes,ULMM,MMK,ULMM,,http://www.airport-murmansk.ru/,https://en.wikipedia.org/wiki/Murmansk_Airport,"Аэропо́рт Му́рманска им. Николая II or Аэропорт Мурмаши, Мурманск"
44749,ULNP,small_airport,Pestovo Airfield,58.608002,35.779999,,EU,RU,RU-NGR,Pestovo,no,,,ULNP,,,,Аэропорт Пестово
6491,ULOO,medium_airport,Princess Olga Pskov International Airport,57.781316,28.39384,154,EU,RU,RU-PSK,Pskov,yes,ULOO,PKV,ULOO,XLOO,,https://en.wikipedia.org/wiki/Pskov_Airport,"УЛОО, ЬЛОО, Псков /Кресты"
6492,ULPB,medium_airport,Petrozavodsk Airport,61.885201,34.154701,151,EU,RU,RU-KR,Petrozavodsk,yes,ULPB,PES,ULPB,XLPB,https://karelavia.ru,https://en.wikipedia.org/wiki/Petrozavodsk_Airport,"УЛПБ, ЬЛПБ, Besovets Airport, Аэропорт Петрозаводск, Аэропорт Бесовец"
43964,ULPK,small_airport,Kalevala Airfield,65.209999,31.135,377,EU,RU,RU-KR,Kalevala,no,,,ULPK,,,,"Аэропорт Калевала, УЛПК"
43334,ULPP,medium_airport,Peski Airfield,61.831944,34.295555,154,EU,RU,RU-KR,Petrozavodsk,no,ULPP,,ULPP,,,https://ru.wikipedia.org/wiki/%D0%9F%D0%B5%D1%81%D0%BA%D0%B8_(%D0%B0%D1%8D%D1%80%D0%BE%D0%BF%D0%BE%D1%80%D1%82),"Пески, УЛПП"
44752,ULPS,small_airport,Segezha Airfield,63.758999,34.283001,377,EU,RU,RU-KR,Segezha,no,,,ULPS,,,,"Аэропорт Сегежа, УЛПС"
44773,ULSR,heliport,Strelna Heliport,59.86050033569336,30.052000045776367,16,EU,RU,RU-SPE,Saint Petersburg,no,,,ULSR,,,,Вертодром Стрельна
331712,ULSW,small_airport,Severniy veter,59.835311,31.480533,194,EU,RU,RU-LEN,Putilovo,no,,,ULSW,,http://paracentr.ru,,"Северный ветер,Putilovo"
324862,ULSZ,seaplane_base,Lake Krasnogvardeyskoye Water Aerodrome,60.268033,29.234033,112,EU,RU,RU-LEN,Utkino,no,,,ULSZ,,,,
30819,ULWC,medium_airport,Cherepovets Airport,59.273601532,38.015800476100004,377,EU,RU,RU-VLG,Cherepovets,yes,ULWC,CEE,ULWC,,,https://en.wikipedia.org/wiki/Cherepovets_Airport,"УЛВЦ, Череповец"
44747,ULWK,small_airport,Kichmengskiy Gorodok Airport,59.975717,45.828918,343,AS,RU,RU-VLG,Kichmengskiy Gorodok,no,ULWK,,ULWK,ULWK,,,"УЛВК, Kichmengsky Gorodok Airport, Аэропорт Кичменгский Городок"
42994,ULWU,medium_airport,Velikiy Ustyug Airport,60.7883,46.259998,331,AS,RU,RU-VLG,Velikiy Ustyug,yes,ULWU,VUS,ULWU,,,https://en.wikipedia.org/wiki/Velikiy_Ustyug_Airport,Аэропорт Великий Устюг
32571,ULWW,medium_airport,Vologda Airport,59.282501,39.944401,387,EU,RU,RU-VLG,Vologda,no,ULWW,VGD,ULWW,,,https://en.wikipedia.org/wiki/Vologda_Airport,Аэропорт Вологда
542509,UMKE,small_airport,Medovoye Airfield,54.540937,20.336244,85,EU,RU,RU-KGD,Medovoye,no,,,UMKE,,,,"УМКЕ, Медовое"
6498,UMKK,large_airport,Khrabrovo Airport,54.89161,20.598559,42,EU,RU,RU-KGD,Kaliningrad,yes,UMKK,KGD,UMKK,,https://kgdavia.ru/,https://en.wikipedia.org/wiki/Khrabrovo_Airport,"УМКК, Храброво"
600554,UMKS,small_airport,Strelnya Airfield,54.515919,20.618509,78,EU,RU,RU-KGD,Strelnya,no,,,UMKS,,,,"УМКС, Стрельня"
6503,UNAA,large_airport,Abakan International Airport,53.740002,91.385002,831,AS,RU,RU-KK,Abakan,yes,UNAA,ABA,UNAA,,,https://en.wikipedia.org/wiki/Abakan_International_Airport,"УНАА, Абакан"
44612,UNAU,small_airport,Shushenskoye Airport,53.385176,92.044718,885,AS,RU,RU-KYA,Kazantsevo,no,UNAU,,UNAU,,,,"Shushenskoe Airport, Kazantsevo Airport, Аэропорт Шушенское, Аэропорт Казанцево"
44358,UNBA,small_airport,Kosh-Agach Airport,49.946443,88.630096,5850,AS,RU,RU-AL,Kosh-Agach,no,,,UNBA,,,https://es.wikipedia.org/wiki/Aeropuerto_de_Kosh-Agach,"УНБА, Аэропорт Кош-Агач"
6504,UNBB,large_airport,Barnaul Gherman Titov International Airport,53.361285,83.539701,837,AS,RU,RU-ALT,Barnaul,yes,UNBB,BAX,UNBB,,http://airaltay.ru/,https://en.wikipedia.org/wiki/Barnaul_Airport,"Аэропорт Барнаул, Barnaul West, Mikhaylovka, Novomikhaylovka"
315320,UNBC,heliport,Akkem Heliport,49.9071,86.5442,6695,EU,RU,RU-AL,Akkem Lake,no,,,UNBC,UNBC,,,"УНБЦ, Аккем"
42913,UNBG,medium_airport,Gorno-Altaysk Airport,51.969204,85.836539,965,EU,RU,RU-AL,Gorno-Altaysk,no,UNBG,RGK,UNBG,,,https://en.wikipedia.org/wiki/Gorno-Altaysk_Airport,Аэропорт Горно-Алтайск
516878,UNBH,heliport,Belokurikha-2 Heliport,51.9771,84.975319,1281,AS,RU,RU-ALT,Belokurikha,no,,,UNBH,,,,УНБХ
46261,UNBM,small_airport,Volchikha Airport,52.025148,80.337271,681,AS,RU,RU-ALT,Volchikha,no,,,UNBM,,,,"Аэропорт Волчиха, УНБМ"
44354,UNBU,small_airport,Ust-Koksa Airport,50.264711,85.713489,3235,EU,RU,RU-AL,Ust-Koksa Airport,no,,,UNBU,,,https://es.wikipedia.org/wiki/Aeropuerto_de_Ust-Koksa,Аэропорт Усть-Кокса
42975,UNCC,small_airport,Gorodskoy Aeroport Airfield,55.09573,82.90945,564,AS,RU,RU-NVS,Novosibirsk,no,,,UNNG,,,,"Посадочная площадка Городской Аэропорт, Аэропорт Северный, Severny Airport"
315338,UNEA,heliport,Anzhero-Sudzhensk Heliport,56.1498,86.0538,748,EU,RU,RU-KAM,Anzhero-Sudzhensk,no,,,UNEA,UNEA,,,"УНЕА, Анжеро-Судженск"
6505,UNEE,large_airport,Alexei Leonov Kemerovo International Airport,55.2701,86.107201,863,AS,RU,RU-KEM,Kemerovo,yes,UNEE,KEJ,UNEE,,,https://en.wikipedia.org/wiki/Kemerovo_Airport,
315321,UNHA,small_airport,Aksenovo Airport,58.963999,101.571868,580,AS,RU,RU-KYA,Aksenovo,no,,,UNHA,UNHA,,,"УНХА, Аксеново"
315499,UNHT,heliport,Tura Heliport,64.278786,100.214164,600,EU,RU,RU-KYA,Tura,no,,,UNHT,UNHT,,,"УНХТ, Тура - МВЛ"
330924,UNHZ,small_airport,Zotino Airport,60.900834,89.680726,138,AS,RU,RU-KYA,Zotino,no,,,UNHZ,,,,"УНХЗ, Зотино"
315318,UNIA,small_airport,Aydara Airport,58.5291,88.4031,373,AS,RU,RU-KYA,Aydara,no,,,UNIA,UNIA,,,"УНИА, Айдара"
42951,UNIB,medium_airport,Baykit Airport,61.676701,96.355003,853,AS,RU,RU-KYA,Baykit,no,,BKA,UNIB,,,https://en.wikipedia.org/wiki/Baykit_Airport,Аэропорт Байкит
30995,UNII,medium_airport,Yeniseysk Airport,58.474201,92.112503,253,AS,RU,RU-KYA,Yeniseysk,yes,UNII,EIE,UNII,,,https://en.wikipedia.org/wiki/Yeniseysk_Airport,"Yeniseisk Airport, Аэропорт Енисейск"
44740,UNIJ,small_airport,Yartsevo Airport,60.255001,90.195,210,AS,RU,RU-KYA,Yartsevo,no,,YAE,UNIJ,,,,Аэропорт Ярцево
42955,UNIP,medium_airport,Podkamennaya Tunguska Airport,61.589699,89.994003,213,AS,RU,RU-KYA,Bor,no,UNIP,TGP,UNIP,,,https://en.wikipedia.org/wiki/Podkamennaya_Tunguska_Airport,Аэропорт Подкаменная Тунгуска
42956,UNIS,medium_airport,Severo-Yeniseysk Airport,60.373299,93.011703,1706,AS,RU,RU-KYA,Severo-Yeniseysk,yes,UNIS,VEO,UNIS,,,https://en.wikipedia.org/wiki/Severo-Eniseysk_Airport,"Severo-Eniseisk Airport, Аэропорт Северо-Енисейск"
32543,UNIT,small_airport,Tura Mountain Airport,64.333511,100.432892,2044,AS,RU,RU-KYA,Tura,yes,UNIT,GOY,UNIT,,,https://en.wikipedia.org/wiki/Tura_Airport,"УНИТ, Тура / Горный, Tura Northeast"
32544,UNIW,medium_airport,Vanavara Airport,60.356229,102.309641,892,AS,RU,RU-KYA,Vanavara,yes,UNIW,VAQ,UNIW,,,https://en.wikipedia.org/wiki/Vanavara_Airport,Аэропорт Ванавара
42952,UNKB,small_airport,Boguchany Airport,58.380615,97.472336,446,AS,RU,RU-KYA,Boguchany,no,,BGS,UNKB,,,https://en.wikipedia.org/wiki/Boguchany_Airport,Аэропорт Богучаны
43337,UNKI,small_airport,Kodinsk Airport,58.479401,99.093903,990,AS,RU,RU-KYA,,no,,KNY,UNKI,,,https://ru.wikipedia.org/wiki/%D0%9A%D0%BE%D0%B4%D0%B8%D0%BD%D1%81%D0%BA_(%D0%B0%D1%8D%D1%80%D0%BE%D0%BF%D0%BE%D1%80%D1%82),"Аэропорт Кодинск, Кодинск"
6506,UNKL,large_airport,Krasnoyarsk International Airport,56.175743,92.485788,942,AS,RU,RU-KYA,Krasnoyarsk,yes,UNKL,KJA,UNKL,,http://www.kja.aero,https://en.wikipedia.org/wiki/Krasnoyarsk_International_Airport,Yemelyanovo
44425,UNKM,medium_airport,Krasnoyarsk Cheremshanka Airport,56.177584,92.545881,833,AS,RU,RU-KYA,Krasnoyarsk,yes,UNKM,KCY,UNKM,,http://www.cheremshanka.ru/,https://en.wikipedia.org/wiki/Krasnoyarsk_Cheremshanka_Airport,Аэропорт Черемшанка
42957,UNKO,small_airport,Sharypovo Airport,55.454914,89.173882,1099,AS,RU,RU-KYA,Sharypovo,no,,,UNKO,,,https://en.wikipedia.org/wiki/Sharypovo_Airport,"Аэропорт Шарыпово, УНКО"
30616,UNKS,medium_airport,Achinsk Airport,56.269185,90.57511,1033,AS,RU,RU-KYA,Achinsk,no,UNKS,ACS,UNKS,,,https://en.wikipedia.org/wiki/Achinsk_Airport,УНКС
31793,UNKY,medium_airport,Kyzyl Airport,51.669399,94.400597,2123,AS,RU,RU-TY,Kyzyl,yes,UNKY,KYZ,UNKY,,,https://en.wikipedia.org/wiki/Kyzyl_Airport,
335225,UNLK,small_airport,Kargasok Airport,59.061858,80.823204,194,EU,RU,RU-TOM,Kargasok,no,,,UNLK,,,,
32545,UNLL,small_airport,Kolpashevo Airport,58.325298,82.932503,243,AS,RU,RU-TOM,Kolpashevo,no,,,UNLL,,,https://en.wikipedia.org/wiki/Kolpashevo_Airport,
308514,UNLW,small_airport,Novy Vasyugan Airport,58.586,76.504,246,AS,RU,RU-TOM,Novy Vasyugan,no,,,UNLW,,,,
42974,UNNE,medium_airport,Yeltsovka Airport,55.0924,83.004501,617,AS,RU,RU-NVS,Novosibirsk,no,,,UNNE,,,https://en.wikipedia.org/wiki/Elitsovka_Airport,"Eltsovka Airport, Аэропорт Ельцовка"
6507,UNNT,large_airport,Novosibirsk Tolmachevo Airport,55.019756,82.618675,365,EU,RU,RU-NVS,Novosibirsk,yes,UNNT,OVB,UNNT,,http://eng.tolmachevo.ru/,https://en.wikipedia.org/wiki/Tolmachevo_Airport,
43882,UNOK,small_airport,Kalachinsk Airport,55.02000045776367,74.61000061035156,361,AS,RU,RU-OMS,Kalachinsk,no,,,UNOK,,,,Аэропорт Калачинск
6508,UNOO,large_airport,Omsk Central Airport,54.963124,73.312418,311,AS,RU,RU-OMS,Omsk,yes,UNOO,OMS,UNOO,,,https://en.wikipedia.org/wiki/Tsentralny_Airport,Omsk Tsentralny Airport
44356,UNOS,medium_airport,Omsk Severny Airport,54.974998,73.555,380,AS,RU,RU-OMS,Omsk,no,,,UNOS,,,https://en.wikipedia.org/wiki/Omsk-Severnyy_(air_base),"Omsk North Airport, Аэропорт Омск Северный"
44864,UNOT,small_airport,Tara Airport,56.900001525878906,74.30000305175781,253,EU,RU,RU-OMS,Tara,no,,,UNOT,,,,Аэропорт Тара
44862,UNOW,small_airport,Tevriz Airport,57.50400161743164,72.33100128173828,217,EU,RU,RU-OMS,Tevriz,no,,,UNOW,,,,Аэропорт Тевриз
315351,UNSB,heliport,181 Sobolinaya Helipad,58.4589,79.5317,234,EU,RU,RU-TOM,,no,,,UNSB,UNSB,,,"УНСБ, 181 Соболиная"
542136,UNSN,heliport,Novikovo Heliport,58.215009,80.623655,222,EU,RU,RU-TOM,Novikovo,no,,,UNSN,,,,"УНСН, Новиково"
315350,UNSR,heliport,1 Razryvno-Moiseevskaya Helipad,58.095,76.0083,357,EU,RU,RU-TOM,,no,,,UNSR,UNSR,,,"УНСР, 1-я Разрывно-Моисеевская"
32546,UNSS,medium_airport,Strezhevoy Airport,60.7094,77.660004,164,AS,RU,RU-TOM,Strezhevoy,no,UNSS,SWT,UNSS,,,https://en.wikipedia.org/wiki/Strezhevoy_Airport,Аэропорт Стрежевой
354740,UNTR,small_airport,Beryozkino Airfield,56.50264,84.686575,394,AS,RU,RU-TOM,Tomsk,no,,,UNTR,,http://sibaerocraft.ru/,,
32468,UNTT,large_airport,Tomsk Kamov Airport,56.380299,85.208298,597,AS,RU,RU-TOM,Tomsk,yes,UNTT,TOF,UNTT,,http://www.tomskairport.ru,https://en.wikipedia.org/wiki/Bogashevo_Airport,Bogashevo Airport
32045,UNWW,medium_airport,Spichenkovo Airport,53.811401,86.877197,1024,AS,RU,RU-KEM,Novokuznetsk,yes,UNWW,NOZ,UNWW,,https://aerokuz.ru,https://en.wikipedia.org/wiki/Spichenkovo_Airport,
42953,UODD,medium_airport,Dikson Airport,73.517807,80.379669,47,AS,RU,RU-KYA,Dikson,no,UODD,DKS,UODD,,,https://en.wikipedia.org/wiki/Dikson_Airport,Аэропорт Диксон
315363,UODL,small_airport,Cape Chelyuskin Airfield,77.712,104.24,60,AS,RU,RU-KYA,Chelyuskin Polar Station,no,,,UODL,UODL,,,"УОДЛ, Челюскин"
35041,UODN,medium_airport,Nagurskoye Airfield,80.803207,47.663586,59,AS,RU,RU-ARK,Alexandra Land,no,UODN,,UODN,,,https://en.wikipedia.org/wiki/Nagurskoye,
35086,UODS,small_airport,Sredniy Island Air Base,79.52958,91.07495,26,AS,RU,RU-KYA,Khatanga,no,UODS,,UODS,XODS,,https://en.wikipedia.org/wiki/Sredny_Ostrov,"УОДС, Sredniy Ostrov Air Base, Аэродром Средний Остров, ЬОДС"
6509,UOHH,medium_airport,Khatanga Airport,71.97810363769531,102.49099731445312,95,AS,RU,RU-KYA,Khatanga,yes,UOHH,HTG,UOHH,,,https://en.wikipedia.org/wiki/Khatanga_Airport,
43002,UOIC,small_airport,Snezhnogorsk Airport,68.07666778564453,87.6449966430664,102,AS,RU,RU-KYA,Snezhnogorsk,no,,,UOIC,,,https://en.wikipedia.org/wiki/Snezhnogorsk_Airport,
42958,UOIG,medium_airport,Svetlogorsk Airport,66.839996,88.403336,394,AS,RU,RU-KYA,Svetlogorsk,no,,SES,UOIG,,,https://en.wikipedia.org/wiki/Svetlogorsk_Airport,
31660,UOII,medium_airport,Igarka Airport,67.437202,86.621902,82,AS,RU,RU-KYA,Igarka,yes,UOII,IAA,UOII,,,https://en.wikipedia.org/wiki/Igarka_Airport,
6510,UOOO,large_airport,Alykel International Airport,69.307951,87.325906,574,AS,RU,RU-KYA,Norilsk,yes,UOOO,NSK,UOOO,,https://www.airport-norilsk.ru/,https://en.wikipedia.org/wiki/Norilsk_Alykel_Airport,
42959,UOOW,heliport,Valek Airport,69.398057,88.352315,108,AS,RU,RU-KYA,Valek,no,,,UOOW,,,https://en.wikipedia.org/wiki/Valek_Airport,"Аэропорт Валек, УООВ, Valyok, Валёк"
32547,UOTT,small_airport,Turukhansk Airport,65.797203,87.935303,128,AS,RU,RU-KYA,Turukhansk,yes,UOTT,THX,UOTT,,,https://en.wikipedia.org/wiki/Turukhansk_Airport,
315497,UOTU,small_airport,Tutonchany Airport,64.210168,93.792455,900,EU,RU,RU-KYA,Tutonchany,no,,,UOTU,UOTU,,,"УОТУ, Тутончаны"
6511,URKA,medium_airport,Anapa Vityazevo Airport,45.002102,37.347301,174,EU,RU,RU-KDA,Krasnyi Kurgan,no,URKA,AAQ,URKA,XRKA,https://www.aaqaero.ru/en/,https://en.wikipedia.org/wiki/Anapa_Airport,"УРКА, ЬРКА, Vityazevo Airport, Анапа / Витязево"
31522,URKG,medium_airport,Gelendzhik Airport,44.5820926295,38.0124807358,98,EU,RU,RU-KDA,Gelendzhik,yes,URKG,GDZ,URKG,,http://basel.aero/en/gelendjik/,https://en.wikipedia.org/wiki/Gelendzhik_Airport,Аэропорт Геленджик
6512,URKK,large_airport,Krasnodar Pashkovsky International Airport,45.034465,39.174215,118,EU,RU,RU-KDA,Krasnodar,yes,URKK,KRR,URKK,,https://krr.aero/en/,https://en.wikipedia.org/wiki/Pashkovsky_Airport,"Pashkovskiy Airport, Pashkovsky Airport"
44330,URKR,small_airport,Armavir Air Base,44.968661,41.107408,712,EU,RU,RU-KDA,Armavir,no,,,URKR,,,https://ru.wikipedia.org/wiki/%D0%90%D1%80%D0%BC%D0%B0%D0%B2%D0%B8%D1%80_(%D0%B0%D1%8D%D1%80%D0%BE%D0%BF%D0%BE%D1%80%D1%82),Аэродром Армавир
44300,URKS,small_airport,Enem Airfield,44.945999,38.931999,62,EU,RU,RU-AD,Enem,no,,,URKS,,,https://ru.wikipedia.org/wiki/%D0%AD%D0%BD%D0%B5%D0%BC_(%D0%B0%D1%8D%D1%80%D0%BE%D0%BF%D0%BE%D1%80%D1%82),Аэропорт Энем
46100,URME,small_airport,Yessentuki Airfield,44.06,42.829,,EU,RU,RU-STA,Yessentuki,no,,,URME,,,,Ессентуки
42924,URMG,large_airport,Akhmat Kadyrov Grozny International Airport,43.388106,45.699772,548,AS,RU,RU-CE,Grozny,yes,URMG,GRV,URMG,,,https://en.wikipedia.org/wiki/Grozny_Airport,"Grozny North, Grozny Severny, Grozny, Аэропорт Грозный Северный, Аэропорт Грозный"
6513,URML,large_airport,Makhachkala Uytash International Airport,42.816799,47.652302,12,AS,RU,RU-DA,Makhachkala,yes,URML,MCX,URML,,,https://en.wikipedia.org/wiki/Uytash_airport,
6514,URMM,large_airport,Mineralnye Vody Airport,44.225101,43.081902,1054,EU,RU,RU-STA,Mineralnyye Vody,yes,URMM,MRV,URMM,,,https://en.wikipedia.org/wiki/Mineralnye_Vody_Airport,
6515,URMN,medium_airport,Nalchik Airport,43.512901,43.6366,1461,EU,RU,RU-KB,Nalchik,yes,URMN,NAL,URMN,,,https://en.wikipedia.org/wiki/Nalchik_Airport,"УРМН, Нальчик"
6516,URMO,medium_airport,Vladikavkaz Beslan International Airport,43.205101,44.606602,1673,EU,RU,RU-SE,Beslan,yes,URMO,OGZ,URMO,,,https://en.wikipedia.org/wiki/Beslan_Airport,"УРМО, Beslan Airport, Аэропорт Беслан, Аэропорт Владикавказ"
43689,URMS,medium_airport,Magas Airport,43.323268,45.012568,1165,AS,RU,RU-IN,Sunzha,yes,URMS,IGT,URMS,,,https://en.wikipedia.org/wiki/Magas_Airport,"Sleptsovskaya Airport, Ingushetiya Airport, Ingushetia Airport, Аэропорт Магас, Аэропорт Слепцовская, Аэропорт Ингушетия, Nazran"
6517,URMT,medium_airport,Stavropol Shpakovskoye Airport,45.10919952392578,42.11280059814453,1486,EU,RU,RU-STA,Stavropol,yes,URMT,STW,URMT,,,https://en.wikipedia.org/wiki/Stavropol_Shpakovskoye_Airport,
42954,UROD,medium_airport,Dudinka Airport,69.375,86.15667,82,AS,RU,RU-KYA,Dudinka,no,,,UROD,,,https://en.wikipedia.org/wiki/Dudinka_Airport,Аэропорт Дудинка
46141,URRH,small_airport,Shakhty Airfield,47.697,40.287,,EU,RU,RU-ROS,Shakhty,no,,,URRH,,,https://ru.wikipedia.org/wiki/%D0%A8%D0%B0%D1%85%D1%82%D1%8B_(%D0%B0%D1%8D%D1%80%D0%BE%D0%BF%D0%BE%D1%80%D1%82),"Аэропорт Шахты, УРРХ"
507374,URRN,small_airport,Potapov,47.465981,41.925036,,EU,RU,RU-ROS,,no,,,URRN,,,,
326363,URRP,large_airport,Platov International Airport,47.493888,39.924722,213,EU,RU,RU-ROS,Rostov-on-Don,no,URRP,ROV,URRP,,,https://en.wikipedia.org/wiki/Platov_International_Airport,"УРРП, Международный аэропорт Платов"
44865,URRT,medium_airport,Taganrog Yuzhny Airport,47.198333,38.849167,117,EU,RU,RU-ROS,Taganrog,no,,TGK,XRRT,URRT,http://www.beriev.com/rus/airport.html,https://ru.wikipedia.org/wiki/Таганрог-Южный_(аэропорт),"УРРТ, ЬРРТ, Taganrog South Airport, Аэропорт Таганрог / Южный,"
6519,URSS,large_airport,Sochi International Airport,43.449902,39.9566,89,EU,RU,RU-KDA,Sochi,yes,URSS,AER,URSS,,https://aer.aero/en,https://en.wikipedia.org/wiki/Sochi_International_Airport,"Adler Airport, Black Sea, Международный Аэропорт Сочи"
6520,URWA,large_airport,Astrakhan Narimanovo Boris M. Kustodiev International Airport,46.282843,48.010511,-65,AS,RU,RU-AST,Astrakhan,yes,URWA,ASF,URWA,,http://xn--80aaaa9dcahhdbllc1cxhc.xn--p1ai/,https://en.wikipedia.org/wiki/Narimanovo_Airport,"Astrahan Airport, Narimanovo Airport, Аэропорт Астрахань, Аэропорт Нариманово"
6521,URWI,medium_airport,Elista Airport,46.373901,44.330898,501,EU,RU,RU-KL,Elista,yes,URWI,ESL,URWI,,https://aero-elista.ru/,https://en.wikipedia.org/wiki/Elista_Airport,
6522,URWW,large_airport,Volgograd International Airport,48.78134,44.339194,482,EU,RU,RU-VGG,Volgograd,yes,URWW,VOG,URWW,,,https://en.wikipedia.org/wiki/Volgograd_International_Airport,"Gumrak Airport, Аэропорт Волгоград, Аэропорт Гумрак"
26370,USCC,large_airport,Kurchatov Chelyabinsk International Airport,55.303141,61.504927,769,AS,RU,RU-CHE,Chelyabinsk,yes,USCC,CEK,USCC,,http://cekport.ru/,https://en.wikipedia.org/wiki/Chelyabinsk_Airport,"УСЦЦ, Челябинск, Balandino, Balandino Airport"
34963,USCG,small_airport,Chelyabinsk Shagol Airport,55.259998,61.299999,830,AS,RU,RU-CHE,,no,,,USCG,,,https://en.wikipedia.org/wiki/Chelyabinsk_Shagol_Airport,"УСЦГ, Челябинск Шагол, Bakal Airport"
26371,USCM,large_airport,Magnitogorsk International Airport,53.391991,58.755235,1430,AS,RU,RU-BA,Magnitogorsk,yes,USCM,MQF,USCM,,,https://en.wikipedia.org/wiki/Magnitogorsk_International_Airport,
44456,USCV,small_airport,Kalachevo Airfield,54.952999114990234,61.5,,AS,RU,RU-CHE,Chelyabinsk,no,,,USCV,,,,Аэродром Калачево
327554,USDA,medium_airport,Sabetta International Airport,71.219167,72.052222,46,AS,RU,RU-YAN,Sabetta,yes,USDA,SBT,USDA,,,https://en.wikipedia.org/wiki/Sabetta_International_Airport,"Oil & Gas, Yamal LNG project, Sabetta terminal port, NOVATEK"
343470,USDB,medium_airport,Bovanenkovo Airport,70.315278,68.333611,24,AS,RU,RU-YAN,Bovanenkovo,yes,USDB,BVJ,USDB,,https://avia.gazprom.com/about/airports/bovanenkovo/,https://en.wikipedia.org/wiki/Bovanenkovo_Airport,"HELIOPS, GAZPROM, LNG"
26372,USDD,medium_airport,Salekhard Airport,66.5907974243164,66.61100006103516,218,AS,RU,RU-YAN,Salekhard,yes,USDD,SLY,USDD,,,https://en.wikipedia.org/wiki/Salekhard_Airport,
527428,USDE,heliport,Soyakha Helipad (New),70.163871,72.527575,,EU,RU,RU-YAN,Soyakha,no,,,USDE,,,,HELIOPS
43664,USDI,small_airport,Antipayuta Airport,69.092869,76.860989,69,EU,RU,RU-YAN,Antipayuta,no,,,USDI,,,,"УСДИ, Аэропорт Антипаюта"
32551,USDK,small_airport,Mys Kamenny Airport,68.467676,73.596733,3,AS,RU,RU-YAN,Mys Kamennyi,no,USDK,YMK,USDK,,,,Аэропорт Мыс Каменный
44848,USDL,heliport,Labytnangi Heliport,66.67449951171875,66.44200134277344,,EU,RU,RU-YAN,Labytnangi,no,,,USDL,,,,Вертодром Лабытнанги
44669,USDO,small_airport,Tolka Airport,63.987808,82.050889,92,AS,RU,RU-YAN,Tolka,yes,USDO,,USDO,USDO,,https://ru.wikipedia.org/wiki/%D0%A2%D0%BE%D0%BB%D1%8C%D0%BA%D0%B0_(%D0%B0%D1%8D%D1%80%D0%BE%D0%BF%D0%BE%D1%80%D1%82),"УСДО, Аэропорт Толька"
45048,USDP,small_airport,Krasnoselkup Airport,65.717,82.455,101,EU,RU,RU-YAN,Krasnoselkup,no,USDP,KKQ,USDP,,,,Аэропорт Красноселькуп
43339,USDR,small_airport,Yar-Sale Airport,66.853517,70.847406,33,EU,RU,RU-YAN,Yar-Sale,no,,,USDR,,,,"Yar-Salye Airport, Аэропорт Яр-Сале"
32552,USDS,small_airport,Tarko-Sale Airport,64.930485,77.811295,82,EU,RU,RU-YAN,Tarko-Sale,no,USDS,TQL,USDS,,,,
32553,USDT,small_airport,Tazovsky Airport,67.4842,78.644402,92,EU,RU,RU-YAN,Tazovsky,no,,,USDT,,,,
44860,USDU,small_airport,Urengoy Airport,65.9599990845,78.43699646,56,EU,RU,RU-YAN,Urengoy,no,USDU,UEN,USDU,,,,Аэропорт Уренгой
597098,USDV,heliport,Yaptik-Sale Heliport,69.383148,72.522621,3,AS,RU,RU-YAN,Yaptik-Sale,no,,,USDV,,,,"УСДЖ, Яптиксале, Яптик-Сале, Yaptiksale"
526629,USDX,heliport,Kharasaveyskoye GKM AP Bovanenkovo Heliport,71.123492,66.927338,63,AS,RU,RU-YAN,Kharasavey,no,,,USDX,,,,"HELIOPS, GAZPROM, LNG, OIL & GAS"
310629,USHA,small_airport,Saranpaul' Airport,64.2571,60.9123,90,EU,RU,RU-KHM,Saranpaul',no,,,USHA,,,,"УСХА, Саранпауль"
43693,USHB,medium_airport,Berezovo Airport,63.92100143432617,65.03050231933594,98,AS,RU,RU-KHM,,no,,EZV,USHB,,,,"Beryozovo Airport, Аэропорт Березово, Аэропорт Берёзово"
26373,USHH,medium_airport,Khanty Mansiysk Airport,61.0285,69.086098,76,AS,RU,RU-KHM,Khanty-Mansiysk,yes,USHH,HMA,USHH,,,https://en.wikipedia.org/wiki/Khanty-Mansiysk_Airport,
43688,USHI,small_airport,Igrim Airport,63.200391,64.440136,79,AS,RU,RU-KHM,,no,USHI,IRM,USHI,,,https://en.wikipedia.org/wiki/Igrim_Airport,Аэропорт Игрим
42942,USHK,small_airport,Kondinskoye Airport,59.655083,67.430046,131,AS,RU,RU-KHM,Kondinskoye,no,USHK,KXD,USHK,,,https://en.wikipedia.org/wiki/Kondinskoye_Airport,Аэропорт Кондинское
44617,USHL,small_airport,Lugovoy Airport,59.725122,65.833281,,AS,RU,RU-KHM,Lugovoy,yes,USHL,,USHL,,,,Аэропорт Луговой
42944,USHN,medium_airport,Nyagan Airport,62.110001,65.614998,361,EU,RU,RU-KHM,Nyagan,yes,USHN,NYA,USHN,,,https://en.wikipedia.org/wiki/Nyagan_Airport,"УСХН, Аэропорт Нягань"
43692,USHQ,medium_airport,Beloyarskiy Airport,63.686901,66.698601,82,EU,RU,RU-KHM,,yes,USHQ,EYK,USHQ,,,https://en.wikipedia.org/wiki/Beloyarsk_Airport,"Beloyarsky Airport, Аэропорт Белоярский, УСХЯ"
32554,USHS,medium_airport,Sovetskiy Airport,61.326622009277344,63.60191345214844,351,AS,RU,RU-KHM,Sovetskiy,yes,USHS,OVS,USHS,,,https://en.wikipedia.org/wiki/Sovetsky_Tyumenskaya,"Sovyetskiy Airport, Sovyetsky Airport, Sovetsky Airport, Аэропорт Советский"
32548,USHU,medium_airport,Uray Airport,60.103298,64.826698,190,AS,RU,RU-KHM,Uray,yes,USHU,URJ,USHU,,,https://en.wikipedia.org/wiki/Uray_Airport,Urai
31670,USII,medium_airport,Izhevsk Airport,56.834524,53.462172,531,AS,RU,RU-UD,Izhevsk,yes,USII,IJK,USII,,,https://en.wikipedia.org/wiki/Izhevsk_Airport,Аэропорт Ижевск
42945,USKK,medium_airport,Pobedilovo Airport,58.503883,49.347831,479,EU,RU,RU-KIR,Kirov,yes,USKK,KVX,USKK,,http://www.pobedilovo.com/,https://en.wikipedia.org/wiki/Pobedilovo_Airport,Аэропорт Победилово
35175,USMM,medium_airport,Nadym Airport,65.48090362548828,72.69889831542969,49,AS,RU,RU-YAN,Nadym,yes,USMM,NYM,USMM,,,https://en.wikipedia.org/wiki/Nadym_Airport,Аэропорт Надым
32057,USMU,medium_airport,Novy Urengoy Airport,66.06939697265625,76.52030181884766,210,AS,RU,RU-YAN,Novy Urengoy,yes,USMU,NUX,USMU,,,https://en.wikipedia.org/wiki/Novy_Urengoy_Airport,
26374,USNN,large_airport,Nizhnevartovsk Airport,60.949299,76.483597,177,AS,RU,RU-KHM,Nizhnevartovsk,yes,USNN,NJC,USNN,,,https://en.wikipedia.org/wiki/Nizhnevartovsk_Airport,
26375,USPP,large_airport,Perm International Airport,57.914501,56.021198,404,AS,RU,RU-PER,Perm,yes,USPP,PEE,USPP,,http://www.aviaperm.ru/,https://en.wikipedia.org/wiki/Perm_International_Airport,Bolshoye Savino
42976,USPT,small_airport,Berezniki Airport,59.579548,56.857681,207,AS,RU,RU-PER,Solikamsk,no,,,USPT,,,https://en.wikipedia.org/wiki/Berezniki_Airport,Аэропорт Березники
315317,USRA,small_airport,Ay-Pim Airport,62.265,71.191,258,EU,RU,RU-KHM,Ay-Pim,no,,,USRA,USRA,,,"УСРА, Ай-Пим Аэродромы"
26376,USRK,medium_airport,Kogalym International Airport,62.190399169921875,74.53379821777344,220,AS,RU,RU-KHM,Kogalym,yes,USRK,KGP,USRK,,,https://en.wikipedia.org/wiki/Kogalym_International_Airport,
42943,USRN,medium_airport,Nefteyugansk Airport,61.108299,72.650002,115,AS,RU,RU-KHM,Nefteyugansk,no,,NFG,USRN,,,https://en.wikipedia.org/wiki/Nefteyugansk_Airport,"УСРН, Аэропорт Нефтеюганск"
35176,USRO,medium_airport,Noyabrsk Airport,63.18330001831055,75.2699966430664,446,AS,RU,RU-YAN,Noyabrsk,yes,USRO,NOJ,USRO,,,https://en.wikipedia.org/wiki/Noyabrsk_Airport,
26377,USRR,large_airport,Surgut International Airport,61.340501,73.405782,200,AS,RU,RU-KHM,Surgut,yes,USRR,SGC,USRR,,,https://en.wikipedia.org/wiki/Surgut_Airport,
42985,USSK,medium_airport,Uktus Airport,56.701698,60.790001,643,EU,RU,RU-SVE,Yekaterinburg,no,,,USSK,XSSK,https://web.archive.org/web/20090714140627/http://uktus.uralfirm.ru/,https://en.wikipedia.org/wiki/Uktus_Airport,"УССК, ЬССК, Аэропорт Уктус, Екатеринбург / Арамиль"
315324,USSQ,small_airport,Alapayevsk Airfield,57.868108,61.748304,420,EU,RU,RU-SVE,Alapayevsk,no,,,USSQ,USSQ,,,"УССЯ, Алапаевск, Alapaevsk"
26378,USSS,large_airport,Koltsovo Airport,56.743099212646,60.802700042725,764,AS,RU,RU-SVE,Yekaterinburg,yes,USSS,SVX,USSS,,http://www.koltsovo.ru/en/,https://en.wikipedia.org/wiki/Koltsovo_Airport,
342469,USTJ,medium_airport,Tobolsk Remezov Airport,58.059712,68.347997,167,AS,RU,RU-TYU,Tobolsk,yes,USTJ,RMZ,USTJ,,https://rmz.aero/,https://en.wikipedia.org/wiki/Tobolsk_Remezov_Airport,"Tobolsk New, Ремезов, УСТЙ"
42992,USTL,small_airport,Plekhanovo Airport,57.144691,65.469718,308,EU,RU,RU-TYU,Tyumen,no,,,USTL,,,https://en.wikipedia.org/wiki/Plekhanovo_Airport,"УСТЛ, Тюмень, Плеха́нова"
32471,USTO,small_airport,Tobolsk Airport,58.135799,68.231903,167,AS,RU,RU-TYU,Tobolsk,no,,TOX,USTO,,,https://ro.wikipedia.org/wiki/Aeroportul_Tobolsk,"УСТО, Тобольск"
26379,USTR,large_airport,Roshchino International Airport,57.178984,65.327696,378,AS,RU,RU-TYU,Tyumen,yes,USTR,TJM,USTR,,,https://en.wikipedia.org/wiki/Roschino_International_Airport,"УСТР, Тюмень, Рощино, D. I. Mendeleev, Д. И. Менделеева"
31773,USUU,medium_airport,Kurgan Airport,55.4753,65.415604,240,AS,RU,RU-KGN,Kurgan,yes,USUU,KRO,USUU,,,https://en.wikipedia.org/wiki/Kurgan_Airport,
605799,UUAE,heliport,Pereslavl-Zalessky Heliport,56.691653,38.842977,647,EU,RU,RU-YAR,Pereslavl-Zalessky,no,,,UUAE,UUAE,,,"УУАЕ, Переславль-Залесский"
604456,UUAN,heliport,Gazprom Compressor Station Helipad,57.029486,35.016716,541,EU,RU,RU-TVE,Torzhok,no,,,UUAN,,,,"УУАН, Торжок"
31761,UUBA,medium_airport,Kostroma Sokerkino Airport,57.796902,41.019402,446,EU,RU,RU-KOS,Kostroma,yes,UUBA,KMW,UUBA,,http://www.kmtn.ru/~koao/,https://en.wikipedia.org/wiki/Kostroma_Airport,Аэропорт Кострома Сокеркино
42934,UUBC,medium_airport,Grabtsevo Airport,54.5499992371,36.3666687012,656,EU,RU,RU-KLU,Kaluga,no,UUBC,KLF,UUBC,,,https://en.wikipedia.org/wiki/Grabtsevo_Airport,Аэропорт Грабцево
31690,UUBI,medium_airport,Ivanovo South Airport,56.93939971923828,40.940799713134766,410,EU,RU,RU-IVA,Ivanovo,yes,UUBI,IWA,UUBI,,,https://en.wikipedia.org/wiki/Ivanovo_Yuzhny_Airport,"Ivanovo Yuzhniy Airport, Ivanovo Yuzhny Airport, Аэропорт Иваново Южный"
32241,UUBK,medium_airport,Staroselye Airport,58.104198,38.929401,423,EU,RU,RU-YAR,Rybinsk,no,,RYB,XUBK,UUBK,,https://en.wikipedia.org/wiki/Staroselye_Airport,"Аэропорт Староселье, ЬУБК, УУБК, Рыбинск"
44648,UUBN,small_airport,Zmeyevo Airfield,56.914691,35.935672,472,EU,RU,RU-TVE,Tver,no,,,UUBN,,,https://ru.wikipedia.org/wiki/%D0%97%D0%BC%D0%B5%D1%91%D0%B2%D0%BE_(%D0%B0%D1%8D%D1%80%D0%BE%D0%BF%D0%BE%D1%80%D1%82),"Zmeevo Airport, Zmeyovo Airport, Аэропорт Змеево, Аэропорт Змеёво"
26393,UUBP,medium_airport,Bryansk International Airport,53.214403,34.175965,663,EU,RU,RU-BRY,Bryansk,no,UUBP,BZK,UUBP,,https://bzk.aero/,https://en.wikipedia.org/wiki/Bryansk_International_Airport,"Аэропорт Брянск, УУБП"
335153,UUBQ,small_airport,Sharya Airport,58.39282,45.554381,120,AS,RU,RU-KOS,Sharya,no,UUBQ,,UUBQ,UUBQ,,,"УУБЯ, Шарья, Sharia"
31838,UUBS,small_airport,Smolensk South Airport,54.745,32.065,820,EU,RU,RU-SMO,Smolensk,no,UUBS,,UUBS,,,https://en.wikipedia.org/wiki/Smolensk_South_Airport,"Smolensk Yuzhny Airport, Аэропорт Смоленск Южный, УУБС"
42967,UUBW,large_airport,Zhukovsky International Airport,55.553299,38.150002,377,EU,RU,RU-MOS,Moscow,yes,UUBW,ZIA,UUBW,,http://zia.aero/,https://en.wikipedia.org/wiki/Zhukovsky_International_Airport,"Аэропорт Раменское, Zhukovsky Air Base, Gromov Flight Research Institute, Лётно-исследовательский институт имени М. М. Громова, ЛИИ, Ramenskoye, Ramenskoye Airport"
26394,UUDD,large_airport,Domodedovo International Airport,55.408798,37.9063,588,EU,RU,RU-MOS,Moscow,yes,UUDD,DME,UUDD,,http://www.domodedovo.ru/en/,https://en.wikipedia.org/wiki/Domodedovo_International_Airport,"MOW, Аэропорт Домоде́дово"
26395,UUDL,large_airport,Golden Ring Yaroslavl International Airport,57.560699,40.157398,287,EU,RU,RU-YAR,Tunoshna,yes,UUDL,IAR,UUDL,,,https://en.wikipedia.org/wiki/Tunoshna,
26396,UUEE,large_airport,Sheremetyevo International Airport,55.976858,37.41121,622,EU,RU,RU-MOS,Moscow,yes,UUEE,SVO,UUEE,,http://svo.aero/,https://en.wikipedia.org/wiki/Sheremetyevo_International_Airport,"УУЕЕ, Москва, MOW, Международный аэропорт Шереметьево, Alexander S. Pushkin"
42990,UUEI,small_airport,Kimry Airfield,56.798302,37.330002,449,EU,RU,RU-TVE,Kimry,no,,,UUEI,,http://www.aero-club.ru/borki.php,https://en.wikipedia.org/wiki/Kimry_Airport,"Borki,Kletino,Кимры,Борки,Клетино"
26397,UUEM,medium_airport,Migalovo Air Base,56.82469940185547,35.7577018737793,469,EU,RU,RU-TVE,Tver,no,UUEM,KLD,UUEM,,,https://en.wikipedia.org/wiki/Migalovo,
325060,UUMD,small_airport,Selnikovo Airfield,55.129783,39.145733,351,EU,RU,RU-MOS,Selnikovo,no,,,UUMD,,,,"УУМД, Сельниково"
35090,UUMI,small_airport,Stupino Air Base,54.889408,38.147036,584,EU,RU,RU-MOS,Stupino,no,,,UUMI,XUMI,,https://en.wikipedia.org/wiki/Stupino_Airfield,"УУМИ, ЬУМИ, Krutyshki Airfield, Аэродром Ступино, Аэродром Крутышки"
44920,UUML,small_airport,Severka Airfield,55.206608,38.679149,433,EU,RU,RU-MOS,Voskresensk,no,,,UUML,,http://www.aviaseverka.ru/,,Аэродром Северка
34931,UUMO,closed,Ostafyevo International Airport,55.511369,37.50719,568,EU,RU,RU-MOW,Moscow,no,,,,,http://eng.gazpromavia.ru/page20.shtml,https://en.wikipedia.org/wiki/Ostafievo_International_Airport,"Podolsk, Ostafievo, Междунаро́дный аэропо́рт «Оста́фьево», Gazprom, UUMO, OSF, УУМО. ЬУМО"
42968,UUMT,medium_airport,Tretyakovo Airport,54.904999,39.026669,515,EU,RU,RU-MOS,Lukhovitsy,no,,,UUMT,,,https://en.wikipedia.org/wiki/Tretyakovo_Airport,"Lukhovitsy Airport, Аэропорт Третьяково, Аэропорт Луховицы"
34969,UUMU,medium_airport,Chkalovskiy Air Base,55.8783,38.061699,499,EU,RU,RU-MOS,Moscow,no,UUMU,CKL,UUMU,,,https://en.wikipedia.org/wiki/Chkalovsky_Airport,"Chkalovsky Airport, Аэродром Чкаловский"
605772,UUMY,small_airport,Ozery Airport,54.815239,38.629275,675,EU,RU,RU-MOS,Ozery,no,,,UUMY,UUMY,,,"УУМЫ, Озеры, Озёры"
26398,UUOB,medium_airport,Belgorod International Airport,50.643799,36.590099,735,EU,RU,RU-BEL,Belgorod,no,UUOB,EGO,UUOB,,,https://en.wikipedia.org/wiki/Belgorod_Airport,
42995,UUOD,small_airport,Pridacha Airport,51.652861,39.256244,344,EU,RU,RU-VOR,Voronezh,no,,,UUOD,,http://www.vaso.ru/,https://en.wikipedia.org/wiki/Pridacha_Airport,"УУОД, Аэропорт Придача, Repnoe Airport, Voronezh East Airport"
26399,UUOK,medium_airport,Kursk East Airport,51.750599,36.295601,686,EU,RU,RU-KRS,Kursk,no,UUOK,URS,UUOK,XUOK,,https://en.wikipedia.org/wiki/Kursk_Vostochny_Airport,"УУОК, ЬУОК, Kursk Vostochny Airport, Курск / Восточный"
31846,UUOL,medium_airport,Lipetsk Airport,52.702801,39.5378,584,EU,RU,RU-LIP,Lipetsk,no,UUOL,LPK,UUOL,,,https://en.wikipedia.org/wiki/Lipetsk_Airport,"УУОЛ, Липецк"
26400,UUOO,medium_airport,Voronezh International Airport,51.814324,39.230948,514,EU,RU,RU-VOR,Voronezh,yes,UUOO,VOZ,UUOO,,,https://en.wikipedia.org/wiki/Voronezh_International_Airport,"УУОО, Chertovitskoye Airport, Chertovitskoe Airport, Аэропорт Воронеж, Аэропорт Чертовицкое"
604037,UUOQ,small_airport,Parus Airfield,51.587233,39.490063,366,EU,RU,RU-VOR,Parusnoye,no,,,UUOQ,,,,"УУОЯ, Парус, Парусное"
32427,UUOT,medium_airport,Donskoye Airport,52.806099,41.4828,413,EU,RU,RU-TAM,Tambov,no,UUOT,TBW,UUOT,,,https://en.wikipedia.org/wiki/Tambov_Donskoye_Airport,
600077,UUOW,small_airport,Valuyki  Airfield,50.224929,38.110891,593,EU,RU,RU-BEL,Valuyki,no,,,UUOW,,,,"УУОВ, Валуйки"
517952,UUPM,heliport,163rd km Oil Pipeline Heliport,65.077713,57.23225,200,EU,RU,RU-KO,Pechora,no,,,UUPM,,,,УУПМ
541942,UURB,heliport,Brykalansk Heliport,65.478508,54.261503,240,EU,RU,RU-KO,,no,,,UURB,,,,"УУРБ, Брыкаланск"
541957,UURG,heliport,Verkhnekolvinskaya Heliport,66.670644,56.980723,205,EU,RU,RU-KO,Verkhnekolvinsk,no,,,UURG,,,,"УУРГ, Верхнеколвинская"
44421,UURH,heliport,Haryaginskiy Heliport,67.212997,56.780998,,AS,RU,RU-NEN,Haryaginskiy,no,,,UURH,,,https://es.wikipedia.org/wiki/Helipuerto_de_Jaryaguinskiy,"Haryaginsky Heliport, Аэропорт Харьягинский"
600036,UUTK,heliport,Kalyazin Heliport,57.23238,37.86075,385,EU,RU,RU-TVE,Kalyazin,no,,,UUTK,,,,"УУТК, Калязин"
336167,UUTZ,small_airport,Zavidovo Air Park (U.C.),56.553558,36.559481,1562,EU,RU,RU-TVE,Shetakovo,no,,,UUTZ,,http://www.zavidovoairpark.com/infrastructure,,
352883,UUWK,small_airport,Kudinovo Airfield,55.023839,36.244583,600,EU,RU,RU-KLU,Kudinovo,no,,,UUWK,,http://www.uuwk.ru/,,Кудиново
605770,UUWL,heliport,Luzhki Heliport,55.42536,37.1299,541,EU,RU,RU-MOS,Luzhki,no,,,UUWL,UUWL,,,"УУВЛ, Лужки"
26401,UUWW,large_airport,Vnukovo International Airport,55.591499,37.261501,685,EU,RU,RU-MOW,Moscow,yes,UUWW,VKO,UUWW,,https://vnukovo.ru/en/,https://en.wikipedia.org/wiki/Vnukovo_International_Airport,"MOW, Международный аэропорт Внуково"
541940,UUXM,heliport,Samotsvyetniy Heliport,63.385023,58.81514,910,EU,RU,RU-KO,,no,,,UUXM,,,,"УУЬМ, Самоцветный"
32506,UUYH,medium_airport,Ukhta Airport,63.566898,53.804699,482,AS,RU,RU-KO,Ukhta,yes,UUYH,UCT,UUYH,,,https://en.wikipedia.org/wiki/Ukhta_Airport,
42946,UUYI,medium_airport,Inta Airport,66.055568,60.11088,184,AS,RU,RU-KO,Inta,no,,INA,UUYI,,,https://en.wikipedia.org/wiki/Inta_Airport,"УУЫИ, Аэропорт Инта"
42950,UUYK,medium_airport,Vuktyl Airport,63.823299,57.279999,358,AS,RU,RU-KO,Vuktyl,no,,,UUYK,,,https://en.wikipedia.org/wiki/Vuktyl_Airport,Аэропорт Вуктыл
43682,UUYM,small_airport,Yemva Airport,62.6054000854,50.925201416,,EU,RU,RU-KO,Emva,no,,,UUYM,,,,"Emva Airport, Аэропорт Емва"
597130,UUYN,small_airport,Noviy Bor Airfield,66.715051,52.292875,71,EU,RU,RU-KO,Noviy Bor,no,,,UUYN,,,,"УУЫН, Новый Бор"
32154,UUYP,medium_airport,Pechora Airport,65.121101,57.130798,98,EU,RU,RU-KO,Pechora,yes,UUYP,PEX,UUYP,,,https://en.wikipedia.org/wiki/Pechora_Airport,
32555,UUYS,medium_airport,Usinsk Airport,66.0047,57.367199,262,AS,RU,RU-KO,Usinsk,yes,UUYS,USK,UUYS,,,https://en.wikipedia.org/wiki/Usinsk_Airport,
44858,UUYT,small_airport,Ust-Kulom Airport,61.689998626708984,53.709999084472656,,EU,RU,RU-KO,Ust-Kulom,no,,,UUYT,,,,Аэропорт Усть-Кулом
42947,UUYV,medium_airport,Izhma Airport,65.0317,53.970001,230,AS,RU,RU-KO,Izhma,no,,,UUYV,,,https://en.wikipedia.org/wiki/Izhma_Airport,Аэропорт Ижма
32581,UUYW,medium_airport,Vorkuta Airport,67.488602,63.993099,604,AS,RU,RU-KO,Vorkuta,yes,UUYW,VKT,UUYW,,,https://en.wikipedia.org/wiki/Vorkuta_Airport,
42949,UUYX,medium_airport,Ust-Tsylma Airport,65.437294,52.200336,262,AS,RU,RU-KO,Ust-Tsylma,no,UUYX,UTS,UUYX,,,https://en.wikipedia.org/wiki/Ust-Tsylma_Airport,"Ust-Tsilma, Усть-Цильма"
26402,UUYY,medium_airport,Syktyvkar Airport,61.64699935913086,50.84510040283203,342,EU,RU,RU-KO,Syktyvkar,yes,UUYY,SCW,UUYY,,,https://en.wikipedia.org/wiki/Syktyvkar_Airport,
44901,UWGB,small_airport,Bolshoye Boldino Airport,55.02000045776367,45.314998626708984,,EU,RU,RU-ARK,Bolshoye Boldino,no,,,UWGB,,,,"Bolshoe Boldino Airport, Аэропорт Большое Болдино"
26403,UWGG,large_airport,Nizhny Novgorod / Strigino International Airport,56.227351,43.785152,256,EU,RU,RU-NIZ,Nizhny Novgorod,yes,UWGG,GOJ,UWGG,,http://www.airportnn.ru/en/,https://en.wikipedia.org/wiki/Nizhny_Novgorod_International_Airport,"УВГГ, ЬВГГ, Нижний Новгород / Стригино"
35174,UWKB,medium_airport,Bugulma Airport,54.641184,52.800229,991,AS,RU,RU-TA,Bugulma,yes,UWKB,UUA,UWKB,,,https://en.wikipedia.org/wiki/Bugulma_Airport,"УВКБ, Аэропорт Бугульма"
26404,UWKD,large_airport,Kazan International Airport,55.606201,49.278702,411,AS,RU,RU-TA,Kazan,yes,UWKD,KZN,UWKD,,http://www.kazan.aero/en/,https://en.wikipedia.org/wiki/Kazan_International_Airport,"УВКД, Казань"
26405,UWKE,medium_airport,Begishevo Airport,55.564701,52.092499,643,AS,RU,RU-TA,Nizhnekamsk,yes,UWKE,NBC,UWKE,,,https://en.wikipedia.org/wiki/Begishevo_Airport,"УВКЕ, Бегишево, Нижнекамск"
34954,UWKG,medium_airport,Borisoglebskoye Airport,55.866699,49.133301,213,AS,RU,RU-TA,Kazan,no,,,UWKG,,,https://en.wikipedia.org/wiki/Borisoglebskoye_Airport,Аэропорт Борисоглебское
31707,UWKJ,medium_airport,Yoshkar-Ola Airport,56.7006,47.904701,348,AS,RU,RU-ME,Yoshkar-Ola,no,UWKJ,JOK,UWKJ,,,https://en.wikipedia.org/wiki/Yoshkar-Ola_Airport,Аэропорт Йошкар-Ола
26406,UWKS,medium_airport,Cheboksary Airport,56.090302,47.347301,558,AS,RU,RU-CU,Cheboksary,yes,UWKS,CSY,UWKS,,,https://en.wikipedia.org/wiki/Cheboksary_Airport,"УВКС, ЬВКС, Чебоксары"
43881,UWKW,heliport,Yudino Heliport,55.85924,49.038374,371,EU,RU,RU-TA,Kazan,no,,,UWKW,,http://kazanhelicopters.com/,,"УВКВ, Kazan Helicopter Works, Юдино, Казанский Вертолетный завод"
35104,UWLL,medium_airport,Ulyanovsk Baratayevka Airport,54.27016,48.225569,449,EU,RU,RU-ULY,Ulyanovsk,yes,UWLL,ULV,UWLL,,http://ulk.aero/,https://en.wikipedia.org/wiki/Ulyanovsk_Baratayevka_Airport,
46256,UWLS,small_airport,Soldatskaya Tashla Airfield,54.015284,48.306026,673,AS,RU,RU-ULY,,no,,,UWLS,,,,"Аэродром Солдатская Ташла, УВЛС"
26407,UWLW,medium_airport,Ulyanovsk Vostochny Airport,54.401001,48.8027,252,AS,RU,RU-ULY,Cherdakly,yes,UWLW,ULY,UWLW,,,https://en.wikipedia.org/wiki/Ulyanovsk_Vostochny_Airport,Ulyanovsk Vostochny Airport
310608,UWOD,small_airport,Adamovka Airport,51.499284,59.936658,,AS,RU,RU-ORE,Adamovka,no,,,UWOD,,,,
310609,UWOH,small_airport,Kvarkeno Airport,52.077797,59.686542,,AS,RU,RU-ORE,Kvarkeno,no,UWOH,,UWOH,,,,
26408,UWOO,medium_airport,Orenburg Central Airport,51.792668,55.457229,387,AS,RU,RU-ORE,Orenburg,yes,UWOO,REN,UWOO,,http://www.airoport.orenair.ru/,https://en.wikipedia.org/wiki/Orenburg_Tsentralny_Airport,"Orenburg Tsentralny Airport, Аэропорт Центральный"
26409,UWOR,medium_airport,Orsk Airport,51.072498,58.5956,909,AS,RU,RU-ORE,Orsk,yes,UWOR,OSW,UWOR,,,https://en.wikipedia.org/wiki/Orsk_Airport,
335161,UWOS,small_airport,Svetlyy Airport,50.800721,60.902367,978,AS,RU,RU-ORE,,no,UWOS,,UWOS,,,,
32155,UWPP,medium_airport,Penza Airport,53.1106,45.021099,614,AS,RU,RU-PNZ,Penza,yes,UWPP,PEZ,UWPP,,,https://en.wikipedia.org/wiki/Penza_Airport,"УВПП, Пенза, Penza South"
42965,UWPS,large_airport,Saransk International Airport,54.12513,45.212257,676,EU,RU,RU-MO,Saransk,yes,UWPS,SKX,UWPS,,,https://en.wikipedia.org/wiki/Saransk_Airport,Аэропорт Саранск
30804,UWSB,medium_airport,Balakovo Airport,51.858299,47.745602,95,AS,RU,RU-SAR,Balakovo,yes,UWSB,BWO,UWSB,,,https://en.wikipedia.org/wiki/Balakovo_Airport,"Malaya Bykovka Airport, Аэропорт Балаково, Аэропорт Малая Быковка"
339001,UWSG,large_airport,Gagarin International Airport,51.712778,46.171111,103,AS,RU,RU-SAR,Saratov,yes,UWSG,GSV,UWSG,,http://gsv.aero/en/,https://en.wikipedia.org/wiki/Saratov_Gagarin_Airport,"УВСГ, Гагарин, Саратов"
44315,UWSK,small_airport,Krasny Kut Airport,50.955458,46.949901,177,EU,RU,RU-SAR,Krasny Kut,no,,,UWSK,,http://www.kluga.ru/,https://de.wikipedia.org/wiki/Flugplatz_Krasny_Kut,Аэропорт Красный Кут
351649,UWTK,small_airport,Karaishevo Airfield,55.53869,49.32154,185,EU,RU,RU-TA,Karaishevo,no,,,UWTK,,,,
42920,UWUA,heliport,Sibay Airport,52.687412,58.714802,1309,AS,RU,RU-BA,Sibay,no,,,UWUA,,,https://en.wikipedia.org/wiki/Sibay_Airport,"УВУА, Сибай"
30690,UWUB,small_airport,Beloretsk Airport,53.938389,58.340113,1827,AS,RU,RU-BA,Beloretsk,no,UWUB,BCX,UWUB,,,,
32112,UWUK,small_airport,Oktyabrskiy Airport,54.439999,53.388302,377,AS,RU,RU-TA,Kzyl-Yar,no,UWUK,OKT,UWUK,,,https://en.wikipedia.org/wiki/Oktyabrsky_Airport,"Oktyabrsky Airport, Аэропорт Октябрьский"
26411,UWUU,large_airport,Ufa International Airport,54.557499,55.874401,449,EU,RU,RU-BA,Ufa,yes,UWUU,UFA,UWUU,,http://www.airportufa.ru/en/,https://en.wikipedia.org/wiki/Ufa_International_Airport,"УВУУ, Международный аэропорт Уфа"
315322,UWUZ,small_airport,Aktanysh Airport,55.6975,54.0677,378,EU,RU,RU-TA,Aktanysh,no,,,UWUZ,UWUZ,,,"УВУЗ, Актаныш"
43671,UWWB,medium_airport,Buguruslan Severny Airport,53.718399,52.371899,728,EU,RU,RU-ORE,Buguruslan,no,,,UWWB,,,,"УВВБ, Buguruslan North Airport, Аэропорт Бугуруслан Северный"
46254,UWWE,small_airport,Verkhneye Sancheleyevo Airfield,53.6960966684,49.491519928,246,EU,RU,RU-SAM,Tolyatti,no,,,UWWE,,http://www.aviatlt.ru/,,"Verkhnee Sancheleevo Airfield, Аэродром Верхнее Санчелеево, УВВЕ"
44614,UWWG,medium_airport,Bezymyanka Airfield,53.220001,50.325001,135,EU,RU,RU-SAM,Samara,no,,,UWWG,XWWG,http://www.aviacor.ru/,https://en.wikipedia.org/wiki/Bezymyanka_%28airport%29,"УВВГ, ЬВВГ, Bezimyanka Airfield, Аэродром Безымянка"
44613,UWWS,small_airport,Smyshlyayevka Airport,53.241318,50.374982,131,AS,RU,RU-SAM,Samara,no,UWWS,,UWWS,,,https://es.wikipedia.org/wiki/Aeropuerto_de_Samara-Smyshliayevka,"УВВС, Самара, Smyshlyaevka Airport, Аэропорт Смышляевка"
26412,UWWW,large_airport,Kurumoch International Airport,53.504902,50.164299,477,EU,RU,RU-SAM,Samara,yes,UWWW,KUF,UWWW,,https://kuf.aero/en/,https://en.wikipedia.org/wiki/Kurumoch_International_Airport,"УВВВ, Самара / Курумоч"
42923,XRMU,medium_airport,Khankala Air Base,43.2981,45.7841,548,EU,RU,RU-CE,Grozny,no,,,,XRMU,,,"ЬРМУ, Khankala, Hankala, Ханкала"
35017,XRWL,medium_airport,Lebyazhye Air Base,50.201698,45.208302,381,AS,RU,RU-VGG,Kamyshin,no,,,XRWL,,,https://en.wikipedia.org/wiki/Lebyazhye_(air_base),"Аэродром Лебяжье, ЬРВЛ"
609677,ZA49,closed,Ilyinskoye-Khovanskoye Airstrip,56.959436,39.781629,456,EU,RU,RU-IVA,,no,,,,,,,"ЗА49, ZA49"
